Age,Monthly_Income,Debt_to_Income,Credit_Score,Loan_Amount,Employment_Years,Dependants,Prior_Defaults,Collateral_Value,Credit_Accounts,Utility_Latency,App_Session_Time,Social_Sentiment,Mobile_Data_Use,Ecommerce_Freq,Savings_Score,Community_Score,Night_Activity,Contact_Diversity,Bill_Consistency,Loan_Status
41,5281.26,0.3396,719,9787.29,1.15,0,0,31589.09,7,0.52,77.46,0.0859,7.85,12,95.29,64.82,0.0395,252,0.867,1
57,4634.38,0.0871,816,21071.93,1.43,1,0,24855.2,7,0.31,57.52,0.2489,15.74,14,31.6,67.98,0.0199,254,0.7449,1
42,11247.3,0.1342,787,42899.06,14.11,2,0,72176.67,12,1.41,64.97,0.3174,38.4,11,27.85,74.96,0.2343,260,0.9277,1
24,6415.79,0.48,401,42229.35,4.97,7,1,42255.57,4,39.29,45.18,-0.2294,13.67,1,33.28,28.29,0.6451,52,0.038,0
33,1772.2,0.4293,532,20201.8,1.08,2,0,27727.1,3,12.66,33.88,0.0415,3.33,3,33.22,14.89,0.7328,54,0.167,0
36,4825.73,0.2852,670,30448.83,9.29,0,0,78961.9,8,3.77,72.81,0.5029,31.49,9,68.7,50.19,0.2279,234,0.66,1
38,1592.94,0.8528,411,19685.1,0.15,2,2,22690.32,2,15.09,0.0,-0.1141,1.7,2,0.0,45.76,0.4889,51,0.2603,0
43,6185.46,0.1198,662,44556.93,0.44,2,0,85936.41,9,0.65,97.46,0.5442,18.44,21,77.51,82.67,0.1901,244,0.9178,1
57,4648.07,0.5938,596,28578.13,3.86,2,0,54487.58,11,2.76,64.58,0.6418,3.48,6,68.36,82.48,0.1436,250,0.8948,1
53,6836.87,0.05,734,54563.83,1.68,0,0,126349.91,5,3.22,90.38,-0.19,11.03,12,86.42,93.95,0.5171,273,0.9679,1
48,5583.59,0.05,743,20810.42,7.15,2,0,32581.86,5,2.12,87.7,0.056,31.86,12,60.98,89.39,0.2198,257,0.5959,1
33,4121.87,0.4263,719,19137.28,11.92,0,0,22360.34,4,1.04,81.21,0.4252,12.34,13,51.2,73.9,0.2578,262,0.5831,1
47,2238.35,0.2982,800,32099.85,14.73,0,0,78427.66,11,1.07,82.31,0.1638,12.04,12,50.9,79.12,0.0919,252,0.8102,1
28,1550.24,0.3895,451,24141.31,1.93,4,2,32050.48,1,12.89,30.56,-0.6126,7.23,2,8.78,45.98,0.8789,57,0.2972,0
32,6480.75,0.6941,649,20733.91,0.37,0,2,35963.5,1,10.91,38.06,-0.6184,2.95,2,0.0,36.93,0.4904,75,0.1495,0
49,22072.31,0.2406,765,19254.1,16.09,2,0,47918.91,6,0.99,98.15,0.2767,39.19,11,47.76,70.19,0.1176,273,0.7674,1
26,9484.95,0.1843,639,22579.46,20.19,1,0,66368.66,9,4.38,118.57,1.0,6.73,15,75.08,63.54,0.5057,275,0.5437,1
52,9769.9,0.1457,702,22696.85,3.37,1,0,27538.66,11,0.16,79.52,0.673,4.04,14,67.49,74.65,0.1971,244,0.6059,1
43,17320.05,0.0663,739,26278.85,11.36,0,0,131394.24,7,2.12,88.4,0.413,43.1,16,75.65,72.48,0.3217,273,0.8045,1
19,1092.55,0.5837,358,22261.98,1.24,3,0,13336.77,3,3.6,15.52,0.0961,1.6,1,2.4,22.7,0.7551,54,0.0087,0
53,3329.79,0.0904,850,9847.66,8.38,1,0,33322.73,6,0.32,80.28,-0.0429,14.16,14,66.18,86.25,0.2899,244,0.7381,1
23,1732.5,0.4503,558,22659.28,1.85,2,0,15685.54,1,5.31,2.05,-0.3183,2.19,2,14.39,34.97,0.6633,56,0.1877,0
55,8152.18,0.0767,805,24624.82,2.51,2,0,44899.83,5,0.37,79.71,0.1571,51.93,10,75.25,59.89,0.2201,274,0.6877,1
51,2861.54,0.1056,752,50917.37,0.07,1,0,86837.11,10,0.27,55.72,0.5355,10.42,15,75.53,66.44,0.276,263,0.8682,1
33,6129.54,0.2067,725,22253.42,30.77,1,0,13466.15,8,3.78,66.31,0.5703,12.39,6,81.91,80.62,0.0324,285,0.674,1
43,14757.87,0.0855,850,9490.04,12.48,0,0,7853.43,9,1.33,75.18,0.3616,10.55,7,56.3,68.79,0.1087,297,0.9267,1
29,2143.59,0.7691,352,13540.84,0.6,1,1,15712.68,2,1.9,1.76,-0.0578,2.14,0,28.65,16.41,0.6614,47,0.2725,0
60,2536.96,0.1767,659,37081.24,15.33,0,0,70406.27,5,2.8,65.21,-0.0702,13.35,16,64.99,88.52,0.1831,279,0.9614,1
50,7124.25,0.2163,649,32357.71,8.89,1,0,89264.75,12,0.38,61.08,0.1282,3.45,10,84.86,53.37,0.34,260,0.927,1
36,2480.03,0.6672,417,29530.59,4.32,2,1,22745.38,5,20.2,1.23,-0.6324,1.31,6,30.75,47.24,0.6846,53,0.3586,0
44,6404.44,0.1612,549,71981.71,1.03,2,0,88482.59,8,0.16,111.05,0.5006,22.13,16,60.88,100.0,0.0634,268,0.7823,1
38,2152.96,0.0537,742,17801.49,10.76,2,1,27637.23,5,0.46,88.82,0.8104,24.98,14,68.55,67.19,0.2203,270,0.9496,1
41,3617.89,0.124,837,23498.95,2.43,2,0,40214.77,12,0.19,68.0,0.4879,6.77,12,46.57,64.11,0.0189,236,0.7219,1
42,7014.57,0.1859,560,21386.96,0.39,0,0,48302.7,9,0.22,58.27,0.0532,6.07,16,78.39,92.82,0.1999,254,0.8175,1
35,4057.03,0.2389,639,45015.4,14.24,2,0,61051.56,10,2.43,98.74,0.5328,16.11,13,72.85,59.97,0.1373,254,0.7282,1
44,16401.6,0.4791,728,59058.87,5.7,2,0,103499.54,6,0.05,113.52,0.7261,10.61,16,79.61,88.28,0.0372,238,0.8435,1
48,1263.54,0.4372,642,16074.91,1.11,2,0,19561.57,11,1.2,95.59,0.6515,11.23,9,87.54,76.04,0.1453,251,0.713,1
61,6734.71,0.2088,612,19920.02,3.62,0,0,16728.54,8,3.09,46.32,0.4659,7.99,15,61.63,63.59,0.2008,245,0.9312,1
40,6199.78,0.4149,557,11012.16,1.63,4,0,55060.79,12,4.51,116.44,-0.2316,5.44,8,36.75,57.19,0.1452,259,0.8508,1
50,5247.11,0.2675,623,23694.67,14.02,0,0,50827.25,12,0.32,35.1,0.1757,30.57,13,54.15,74.13,0.2641,232,0.6693,1
48,5483.96,0.1359,577,22291.78,27.47,2,0,68228.31,9,1.01,90.39,0.045,13.75,10,53.25,88.17,0.1937,316,0.7466,1
40,2494.5,0.544,399,11517.05,2.66,5,2,18489.1,5,11.87,29.28,-0.3993,1.9,5,21.99,20.23,0.56,67,0.0307,0
52,5084.76,0.2104,612,20977.16,1.54,0,0,22285.09,7,2.34,66.25,0.3476,4.53,13,81.8,94.62,0.1328,282,0.7288,1
41,7625.59,0.103,666,29491.45,6.12,1,0,53323.29,15,3.45,99.05,0.4805,21.86,15,75.99,61.42,0.281,265,0.6404,1
22,1594.32,0.5445,547,18610.05,3.21,3,2,23217.25,1,6.64,14.12,-0.4146,8.02,1,2.94,39.18,0.5242,56,0.0418,0
18,2496.1,0.4977,426,26898.99,0.05,1,1,17036.67,3,2.86,3.97,-0.2163,8.13,1,0.0,8.97,0.5384,59,0.1564,0
42,5739.73,0.1024,850,19541.05,12.1,0,0,55510.74,7,0.7,94.31,-0.0845,18.38,13,52.74,69.03,0.2932,276,0.783,1
49,8941.72,0.0862,674,23697.09,5.39,0,0,32017.75,11,6.75,53.53,0.2469,19.03,12,75.6,88.03,0.2419,257,0.9245,1
48,5519.5,0.2911,588,16897.51,7.12,1,0,35878.76,5,0.74,99.71,0.5204,32.23,12,75.66,89.01,0.3826,240,0.6866,0
31,1713.9,0.4928,383,15903.93,0.12,4,2,11291.3,2,0.86,0.0,-0.0415,9.01,2,13.96,41.91,0.5535,58,0.2485,0
31,1990.1,0.3006,430,60276.26,0.53,2,1,72297.11,1,13.92,1.41,-0.3048,2.86,1,19.3,3.65,0.376,46,0.0909,0
52,4360.3,0.1275,623,12804.04,4.67,2,0,29744.84,8,0.36,129.5,0.5092,16.54,7,80.01,76.49,0.3261,236,0.7076,1
60,12225.51,0.2077,704,19273.73,3.17,0,0,24154.76,8,0.18,65.82,0.2131,15.66,18,74.56,70.38,0.3286,267,0.9818,1
56,6076.15,0.1711,717,35228.17,11.67,0,0,47213.2,8,2.05,92.31,0.4437,5.27,7,69.54,100.0,0.1152,241,0.8737,1
35,2685.57,0.8515,470,9575.53,0.54,3,0,10435.91,1,31.0,0.0,-0.3782,2.52,0,22.69,3.44,0.554,52,0.2308,1
22,2328.1,0.067,766,21203.17,1.42,3,0,45630.63,11,2.87,78.77,-0.1274,4.93,13,59.32,83.41,0.2001,282,0.8137,1
35,4161.16,0.05,611,19566.5,5.02,0,0,33701.82,7,1.2,94.69,0.4574,22.2,13,56.83,79.11,0.0368,260,0.8823,1
42,1077.14,0.2513,470,9830.25,1.2,4,1,12650.3,2,5.93,6.8,0.1513,3.81,2,14.83,23.84,0.5532,49,0.1718,0
34,12448.32,0.3077,773,19775.84,1.52,1,0,42504.26,11,0.1,72.08,0.2085,13.41,9,56.88,79.22,0.2546,229,0.5151,1
47,4190.84,0.0935,796,9942.53,0.29,0,0,14386.78,12,1.37,99.51,-0.0025,7.68,17,58.2,85.05,0.0768,265,0.9478,1
54,7898.39,0.2374,607,18490.55,12.3,1,0,14215.82,5,0.66,70.46,-0.2551,8.29,12,76.0,56.45,0.1408,233,0.87,1
51,4462.91,0.4331,700,18881.66,11.69,2,0,80045.92,9,1.09,96.75,0.366,4.02,9,64.49,88.48,0.0251,244,0.8494,0
41,4466.44,0.271,657,18138.54,7.57,0,1,26490.28,10,2.47,87.87,0.2898,27.83,6,82.08,74.53,0.3403,284,0.8283,1
47,4406.98,0.05,728,25833.28,3.57,1,0,82395.41,9,1.75,61.74,0.6898,18.25,12,69.66,78.17,0.0915,266,0.7417,1
49,7868.29,0.1615,748,10681.94,0.88,2,0,22649.4,8,0.57,59.86,0.183,13.4,18,60.96,76.39,0.1425,238,0.9294,1
47,2500.51,0.2113,688,30021.67,6.67,1,0,47099.46,10,0.7,87.31,0.7381,24.78,14,83.64,75.04,0.1156,232,0.6531,1
34,1262.69,0.4779,661,15169.09,0.53,1,2,29779.79,1,10.38,18.24,-0.5065,3.86,3,0.0,25.92,0.6402,46,0.1238,1
37,6450.88,0.6522,564,16208.62,0.57,2,1,12723.19,3,0.9,21.97,-0.1469,1.53,0,21.94,26.09,0.5665,71,0.0314,0
45,2532.3,0.1802,805,9864.51,4.28,3,0,20175.71,5,0.52,51.83,0.6632,4.77,13,41.62,77.95,0.1267,256,0.7717,1
25,3390.83,0.8286,567,29224.27,2.69,5,1,12327.77,2,2.85,13.54,-0.3834,1.36,2,17.61,46.06,0.7161,61,0.2249,0
39,4127.86,0.0724,850,15366.16,7.75,3,0,14875.03,10,1.39,84.31,0.7632,15.0,9,44.23,69.65,0.3038,276,0.8815,1
44,2031.35,0.3222,701,32781.42,8.05,2,0,48550.03,6,0.68,71.81,-0.1809,25.98,10,67.34,41.26,0.3052,255,0.7688,1
57,5440.02,0.174,658,13697.96,0.42,1,0,14915.41,8,1.06,68.79,0.3957,5.56,11,72.82,56.14,0.209,287,0.569,1
38,15078.12,0.2354,752,7965.08,0.3,1,0,18607.87,6,0.23,52.32,0.5124,14.88,18,93.78,97.76,0.1509,264,0.6688,1
26,1409.22,0.2524,475,16611.93,3.85,7,2,18690.19,2,2.15,0.0,-0.1856,2.44,4,22.92,25.23,0.4825,72,0.1466,0
58,3876.47,0.05,550,26513.94,17.54,1,0,55380.06,3,1.18,59.85,0.1955,16.46,11,90.1,74.4,0.1391,258,0.8757,1
50,4254.1,0.3357,776,27655.31,18.46,0,0,41037.3,4,7.25,52.14,0.3235,26.91,14,68.72,90.19,0.2367,239,0.9,1
46,8235.01,0.1081,616,28620.08,1.02,4,1,36986.23,8,1.06,82.62,0.0893,27.33,12,70.89,60.66,0.1767,221,0.796,1
41,9740.16,0.4766,773,6737.79,7.53,1,0,18948.42,4,1.44,74.82,0.1108,21.5,12,50.3,83.11,0.0513,251,0.9102,1
60,7586.12,0.1432,639,20923.25,0.58,1,0,48027.67,10,0.73,102.88,0.2351,23.68,19,85.85,86.27,0.1513,260,0.9024,1
42,8273.85,0.0692,747,39662.92,1.58,1,0,108978.89,5,2.77,83.93,0.0705,15.1,6,56.3,79.39,0.2756,267,0.6847,1
31,3112.34,0.6036,598,22748.11,0.23,6,1,11447.98,1,5.63,38.02,-1.0,1.9,2,0.0,0.0,0.4571,57,0.0335,0
51,8351.62,0.2584,686,90000.0,9.89,1,0,81508.63,9,0.06,38.94,0.1387,12.24,10,65.97,78.95,0.1057,234,0.8755,1
45,6064.95,0.4366,779,25678.13,16.03,2,0,38190.36,6,1.17,62.96,0.5111,21.58,14,100.0,78.83,0.2951,264,0.9405,1
34,5851.23,0.2493,677,49323.49,1.6,0,0,100594.71,9,0.6,71.69,0.6307,18.42,8,69.91,91.21,0.3053,255,0.6313,1
38,3252.95,0.6997,647,29426.35,0.13,4,1,73033.09,5,7.19,62.83,-0.7469,2.57,4,6.81,31.61,0.4613,63,0.5672,0
39,3095.0,0.2147,698,23125.9,3.91,0,0,63879.76,9,2.27,86.48,0.7353,18.47,10,57.31,70.55,0.2308,232,0.7497,1
52,7018.19,0.3689,674,21329.47,5.57,1,0,32686.9,10,0.2,117.74,-0.2843,23.98,6,73.44,61.84,0.1535,256,0.7372,1
25,3280.76,0.5297,641,19179.42,2.78,3,2,18170.27,2,12.41,0.0,-0.5227,0.96,2,13.9,44.05,0.5054,60,0.0378,0
45,4509.42,0.05,755,25211.16,11.56,0,0,70753.9,14,0.46,112.76,0.206,15.62,13,44.75,95.36,0.1223,247,0.9004,1
30,5214.38,0.1272,829,33124.9,3.42,0,0,94094.19,3,0.45,76.93,0.1697,23.36,11,72.51,63.59,0.1785,259,0.8246,1
33,8044.7,0.3461,744,46728.36,0.88,1,0,132773.61,8,0.68,54.7,-0.0336,11.57,6,86.6,83.09,0.0972,289,0.8103,1
39,11858.54,0.1035,659,20535.51,9.76,0,0,34790.18,8,1.69,48.84,0.2146,13.28,12,83.95,73.32,0.0476,277,0.6484,1
46,3622.87,0.1179,530,26253.27,14.86,1,0,44120.01,7,2.6,79.95,0.1352,42.06,12,66.19,48.79,0.2156,293,0.6253,1
35,8184.11,0.1252,655,51088.96,12.39,1,0,79357.56,5,0.41,56.85,0.7047,12.89,12,50.88,64.3,0.0644,261,0.644,1
30,9077.47,0.0952,681,23985.57,3.14,0,0,39388.97,9,7.45,51.54,0.2029,10.44,10,70.36,91.54,0.1358,279,0.8957,1
44,19766.2,0.1397,596,22297.72,7.27,0,0,44613.28,9,0.05,52.6,-0.2282,28.79,11,84.35,94.45,0.3747,254,0.6947,1
34,4953.44,0.05,784,10194.68,5.91,1,0,14140.2,1,0.15,36.4,0.5546,13.02,14,85.03,100.0,0.2835,254,0.81,1
54,5853.53,0.3667,624,24570.07,32.41,1,0,48882.17,9,1.55,47.46,0.3673,11.67,13,89.19,52.98,0.1284,246,0.8181,1
24,1868.23,0.4658,367,35142.27,1.19,1,1,24394.04,1,7.5,19.27,-0.2937,5.99,1,18.57,15.65,0.6418,43,0.0609,0
49,8002.86,0.2029,686,15554.34,7.97,1,0,31051.34,8,0.25,95.2,0.0884,18.06,16,57.46,87.72,0.0708,247,0.6465,1
45,6467.34,0.3359,713,25946.61,5.91,0,0,39314.15,10,1.49,93.07,0.3534,12.43,12,90.06,96.26,0.0962,255,0.7327,1
60,4413.06,0.2745,593,12580.47,7.91,4,0,41467.33,5,1.14,90.54,0.4979,7.9,13,77.8,96.49,0.0813,253,0.8002,1
47,4558.08,0.05,691,22185.43,2.18,3,0,31570.48,11,0.06,55.93,0.3026,7.53,14,79.01,83.87,0.4255,264,0.8204,1
34,9303.13,0.3981,620,20207.39,3.86,0,0,18804.37,9,0.94,65.08,0.0993,5.61,9,92.24,83.96,0.4242,244,0.7022,1
44,8060.67,0.252,534,22549.5,0.91,0,0,23193.51,10,0.23,90.03,0.6602,11.36,16,65.61,65.79,0.1446,252,0.6357,1
36,1485.85,0.4238,464,27404.68,3.71,2,0,22189.0,1,8.41,0.0,-0.2747,1.39,4,29.49,22.79,0.5473,66,0.1446,0
41,9967.92,0.1071,637,17735.52,1.63,1,0,22694.76,9,3.66,52.62,0.0002,15.26,15,52.0,100.0,0.1601,281,0.788,1
43,2219.68,0.5652,454,19837.67,0.12,3,2,21138.78,2,10.88,12.76,-0.2111,0.8,4,38.36,6.08,0.6683,42,0.3034,0
45,3190.9,0.0849,678,18676.04,11.89,1,0,31190.36,5,0.24,77.6,0.1178,10.31,7,38.64,75.52,0.1045,257,0.5316,1
43,4844.35,0.0533,597,15746.83,21.94,0,0,17126.89,7,0.84,37.3,0.5914,12.27,11,53.95,86.53,0.2407,260,0.925,1
53,3417.92,0.1684,698,19455.29,3.58,1,0,25354.77,12,0.25,52.77,-0.0748,9.08,9,62.15,95.73,0.189,276,0.8698,1
43,5506.87,0.1145,735,24863.24,9.76,0,0,54012.47,14,3.3,64.18,0.3286,7.5,11,72.38,73.79,0.1415,252,0.869,1
49,2590.36,0.0803,699,29321.8,0.44,1,0,62221.37,8,0.9,78.87,-0.0994,13.63,9,73.23,73.38,0.3082,248,0.5103,1
45,12942.44,0.1315,836,25676.94,3.03,1,0,42805.05,11,1.38,72.26,0.2334,9.36,15,65.3,51.91,0.5756,286,0.7246,1
47,3781.53,0.4914,670,28474.4,0.4,1,0,28494.45,6,0.05,98.91,0.6599,10.07,12,90.88,63.72,0.3419,258,0.9422,1
43,3969.95,0.1347,669,44037.09,23.29,0,0,86310.19,7,0.01,82.43,0.1087,13.12,7,50.55,77.47,0.1197,293,0.3821,1
32,3462.69,0.3233,492,40143.14,1.69,1,0,61628.29,3,29.13,0.0,-0.5762,2.31,4,34.11,50.62,0.5401,56,0.0264,0
28,4241.78,0.2757,424,22663.4,0.33,3,2,34465.48,3,1.98,4.52,-0.0202,5.87,3,0.0,39.72,0.6659,45,0.3559,0
48,5300.6,0.1508,716,18857.87,0.74,2,0,62218.11,9,0.3,80.34,0.0213,4.72,15,92.32,75.09,0.0983,282,0.3395,1
26,1741.54,0.4011,595,11120.67,0.26,3,0,13127.06,2,6.86,65.4,-0.3685,3.7,1,28.44,73.23,0.8739,56,0.1374,0
40,6394.78,0.3168,665,29815.15,7.19,0,0,82948.69,7,0.97,70.99,-0.0595,29.09,11,64.48,87.85,0.159,249,0.4725,1
43,5047.8,0.1475,731,15451.87,8.98,2,0,31240.4,9,1.96,88.82,0.2881,27.97,10,79.48,77.71,0.1675,249,0.8648,1
37,1504.67,0.7294,504,27167.22,4.04,4,0,28892.46,3,14.52,29.51,-0.3136,4.31,3,29.83,10.43,0.4007,56,0.1317,0
32,12675.31,0.0837,682,18147.88,4.3,1,0,47737.23,12,0.2,67.81,0.2442,6.28,9,88.63,64.49,0.2237,282,0.78,1
60,4362.27,0.2773,706,20605.33,24.93,2,0,73991.85,7,0.74,38.83,0.4484,13.45,15,83.82,72.31,0.1606,248,0.8063,1
40,5299.83,0.264,835,14910.15,4.06,0,0,23256.57,8,6.63,100.79,0.7271,12.14,12,86.25,91.62,0.1908,258,0.8828,1
31,2286.78,0.6239,488,30913.95,0.77,3,0,30007.37,3,4.92,13.24,-0.7263,3.38,3,28.66,7.56,0.4018,54,0.2567,0
47,2896.05,0.1186,724,22155.16,22.21,1,0,78557.29,8,0.03,69.28,0.4029,5.55,10,54.47,62.37,0.0735,268,0.6746,1
49,2036.94,0.0881,725,12892.52,15.85,1,0,24945.4,9,0.03,71.76,0.1061,23.66,15,72.46,86.41,0.2535,272,0.5402,1
41,2140.75,0.3004,671,69622.11,8.83,0,0,74610.52,12,0.41,62.13,0.0439,4.54,7,52.07,64.3,0.1276,263,0.8343,1
28,6600.51,0.7008,485,31608.79,1.04,2,1,68009.6,2,25.85,22.04,-0.1012,1.96,4,0.0,0.0,0.5589,51,0.4192,0
49,4694.23,0.594,636,44798.16,2.81,1,0,124783.59,6,0.87,61.36,-0.1179,12.17,11,52.02,79.0,0.0643,241,0.8441,1
33,9721.44,0.0539,662,54903.01,9.53,1,0,145325.22,6,0.61,73.39,0.6316,28.74,18,57.74,73.12,0.2412,253,0.751,1
47,4049.45,0.0643,739,11158.85,6.91,1,0,12368.45,14,0.09,106.84,0.3005,6.6,14,88.05,81.64,0.0085,240,0.7329,1
49,6731.46,0.3742,848,29298.52,4.32,0,1,62627.79,7,0.27,87.32,0.655,14.68,12,58.22,71.39,0.1481,245,0.8389,1
46,14841.04,0.287,720,9610.51,4.24,0,0,17738.85,8,0.35,61.73,0.2914,10.43,8,69.14,61.57,0.106,241,0.9074,1
37,2824.14,0.5038,538,24155.7,1.0,2,0,13731.9,1,6.74,18.23,-0.3408,7.79,3,14.04,15.81,0.6182,68,0.1362,0
27,1880.53,0.6928,597,31806.91,3.68,0,0,28667.78,3,10.91,0.0,-0.4697,2.37,2,28.7,7.52,0.4009,63,0.1298,0
33,10582.96,0.2352,598,20323.79,6.08,3,0,52581.04,4,0.18,124.1,0.854,37.03,11,81.05,100.0,0.097,240,0.9229,1
43,7907.67,0.1842,701,41430.37,24.42,0,0,40105.11,3,0.17,52.46,0.7137,11.24,15,87.03,81.89,0.0369,261,0.8836,1
34,5007.87,0.1321,475,43335.43,6.76,2,0,43860.03,6,2.67,55.42,0.1426,33.71,14,86.58,79.53,0.2518,254,0.6396,1
27,1668.88,0.4376,516,31554.66,0.52,2,0,39512.47,5,7.28,0.0,-0.2041,2.88,3,0.0,15.98,0.6935,45,0.0747,0
40,5658.02,0.2826,736,20025.01,10.83,1,0,33821.52,9,4.7,86.39,0.3443,11.17,13,71.41,72.38,0.066,253,0.8961,1
31,2439.45,0.4978,401,16271.86,1.37,2,0,22214.64,3,33.41,25.59,-0.2135,3.99,3,2.11,17.73,0.4764,49,0.0056,0
44,9861.95,0.2034,802,19704.96,9.05,1,0,70603.85,10,2.65,104.34,-0.1275,5.13,19,42.18,80.69,0.1762,236,0.8834,1
47,4379.06,0.3231,733,18317.25,2.28,0,0,26791.32,10,3.01,86.13,0.2995,20.21,11,82.59,58.63,0.1717,249,0.9543,1
51,5317.78,0.1489,559,18677.99,1.55,2,0,34746.67,5,2.53,92.61,0.8172,10.78,6,89.06,93.01,0.3474,260,0.6608,1
51,6382.28,0.189,774,29022.89,4.22,1,0,67677.05,11,1.88,43.58,0.3828,8.7,10,100.0,52.83,0.0981,259,0.9139,1
59,10381.63,0.05,796,12774.97,12.83,2,0,22901.98,6,0.79,70.73,0.5541,30.17,14,21.11,81.75,0.1248,278,0.7812,1
53,9560.9,0.1421,624,35413.56,4.64,1,0,29090.15,11,0.17,84.21,0.1512,9.26,13,64.74,81.48,0.1148,289,0.6089,1
51,5409.62,0.1854,713,28081.7,31.33,1,0,37481.89,11,2.71,82.32,0.4425,10.87,18,69.92,84.27,0.1263,238,0.796,1
18,1650.92,0.4883,523,13394.69,0.16,1,1,36839.92,2,30.7,26.57,-0.9799,6.99,0,19.33,17.34,0.7523,54,0.1172,1
48,8315.96,0.1273,682,18299.24,4.52,1,1,17258.64,8,10.27,90.11,0.4131,8.88,15,55.84,70.34,0.0657,254,0.8816,1
34,8535.45,0.1731,800,12787.98,9.39,1,0,32656.16,7,0.98,82.57,0.2486,16.18,13,53.33,98.95,0.1563,265,0.4641,1
43,5568.46,0.2216,595,17781.74,3.43,1,0,57986.73,8,1.58,75.16,-0.2129,60.0,7,69.74,42.22,0.1104,256,0.7394,1
46,2996.1,0.05,701,10643.66,11.49,1,0,22960.5,8,0.06,80.12,-0.1402,9.08,17,59.81,81.56,0.0601,268,0.5084,1
18,1821.37,0.5004,579,17258.23,4.14,5,1,12863.55,2,2.17,15.0,-0.4551,3.04,1,27.25,18.03,0.6054,57,0.0933,0
44,4855.18,0.1353,680,23585.17,4.09,2,0,35318.86,9,0.1,77.96,0.3617,15.11,13,47.17,64.12,0.1335,241,0.6172,1
40,13813.15,0.1601,748,16045.44,3.49,3,0,52486.92,9,2.46,102.24,0.4707,17.78,17,64.8,49.72,0.2484,233,0.781,1
57,13583.55,0.12,661,16279.15,12.79,0,0,14353.59,3,0.39,92.91,0.3622,8.61,13,53.21,84.03,0.0358,273,0.9098,1
44,5411.1,0.2848,614,10900.84,9.28,1,0,11847.48,8,1.09,75.37,0.1167,4.45,11,49.7,87.61,0.1198,246,0.8178,1
32,2038.62,0.5912,384,9132.72,6.01,4,0,8536.2,2,3.16,0.0,-0.4012,5.19,4,37.24,25.85,0.6346,57,0.076,0
44,7549.81,0.167,699,9158.6,9.27,2,0,16508.63,9,2.39,84.28,0.5612,10.48,10,76.87,68.23,0.0687,249,0.7639,1
43,12908.79,0.05,612,33934.78,0.75,2,0,139770.36,10,0.19,98.17,0.1261,14.64,16,69.14,93.44,0.3418,288,0.9315,1
57,3541.5,0.353,608,33793.51,29.26,1,0,30292.02,8,1.1,65.48,0.509,17.09,10,80.77,37.84,0.1772,260,0.8908,1
35,12609.8,0.4469,695,15264.79,0.11,3,0,20379.11,5,0.34,82.02,0.8589,19.11,9,74.92,88.88,0.18,284,0.7089,1
20,5517.77,0.4121,468,60056.82,0.02,3,4,201018.02,2,1.12,50.13,0.1528,1.15,2,4.01,56.67,0.5821,46,0.2049,0
56,6904.12,0.1312,788,27887.53,3.68,1,0,32764.96,8,1.96,91.03,-0.0992,12.46,7,100.0,58.6,0.2274,258,0.9306,1
44,3888.2,0.2812,578,25479.81,12.26,0,0,48777.81,6,2.62,80.13,0.1904,8.67,18,96.93,73.7,0.0122,260,0.8519,1
38,4205.59,0.05,641,65651.47,7.1,0,0,213347.44,9,0.15,90.89,0.0373,12.33,10,58.95,73.23,0.1252,282,0.8606,1
41,2397.62,0.1788,832,15371.4,6.5,1,0,29538.86,13,0.32,102.83,0.4917,6.76,11,64.32,83.99,0.2715,238,0.7973,1
52,11504.66,0.1647,652,15654.79,2.18,0,0,32214.82,9,1.16,92.89,-0.3167,17.88,16,67.3,77.84,0.4984,265,0.8562,1
41,5949.88,0.0524,831,13902.45,6.59,0,0,32161.56,8,0.44,63.05,-0.1271,17.62,7,85.53,82.61,0.113,249,0.9632,1
45,2460.77,0.5058,509,46414.31,0.05,2,0,45048.22,2,12.3,36.08,0.2238,1.48,2,52.48,61.5,0.5644,70,0.1358,0
56,7521.33,0.2419,744,26488.31,8.0,0,0,27109.11,10,0.46,72.93,0.3037,25.32,15,77.95,80.93,0.4244,254,0.8414,1
53,6902.63,0.1618,565,13592.89,0.35,1,0,33857.61,6,3.82,95.88,0.4716,8.4,10,44.75,63.32,0.0633,275,0.9003,1
58,11072.22,0.1139,647,18336.36,2.32,2,0,56180.84,4,0.53,75.36,0.1555,22.41,11,91.93,96.07,0.2119,261,0.7506,1
39,3805.66,0.0587,657,30578.67,15.22,1,0,37763.39,8,0.48,61.27,0.0479,12.01,21,86.7,75.19,0.2911,244,0.5808,1
52,3666.87,0.2816,593,8186.18,9.23,0,0,13317.72,4,1.43,95.89,0.3081,11.25,9,70.03,91.86,0.1979,242,0.7372,1
51,11289.66,0.0688,662,28191.3,32.25,1,0,54705.19,7,0.5,45.56,0.569,11.69,10,49.19,51.28,0.0931,259,0.783,1
39,3291.85,0.1573,662,6068.42,14.07,2,0,12622.62,7,2.64,81.71,0.1772,10.96,12,76.36,62.25,0.0946,257,0.7555,1
56,3427.03,0.1657,529,32827.57,5.32,1,0,29885.24,7,5.53,84.58,0.2166,11.88,14,78.49,73.89,0.067,279,0.9199,0
43,5851.43,0.05,686,29058.65,0.85,0,0,65702.71,9,3.44,63.76,0.1661,12.14,12,50.29,70.77,0.1449,260,0.5774,1
27,2612.54,0.1419,707,37025.55,34.44,1,0,63573.1,9,1.62,82.34,0.2278,26.83,8,73.83,100.0,0.3041,260,0.8485,1
58,7560.42,0.2712,783,28231.42,12.33,1,0,44502.52,9,2.17,82.53,0.226,51.52,8,59.79,73.56,0.1004,266,0.9446,1
40,12739.61,0.3747,767,18881.28,9.15,0,0,54721.85,10,0.42,65.74,0.3276,11.13,10,49.38,71.42,0.2359,258,0.7945,1
47,6122.53,0.0899,592,28360.98,21.05,1,0,39244.17,6,0.48,102.69,-0.3479,27.67,14,51.31,69.18,0.1981,284,0.4656,1
51,5981.82,0.0974,688,14089.84,8.43,2,0,48340.58,10,0.25,93.56,0.1998,13.24,10,72.93,97.03,0.0719,256,0.4507,1
55,4675.45,0.1111,732,28130.71,7.65,2,0,67267.9,17,0.5,92.58,0.1383,10.07,14,63.84,50.99,0.0883,277,0.9439,1
49,14484.55,0.1602,510,16323.3,20.92,1,0,25500.33,8,1.2,104.69,0.1346,21.2,14,70.08,92.45,0.0204,257,0.994,1
35,3457.75,0.1724,627,15497.31,10.31,4,0,21775.07,16,0.02,84.25,0.4192,30.0,7,23.49,60.32,0.1752,264,0.9563,1
49,4654.14,0.05,609,21427.9,2.7,1,0,32694.86,8,0.29,81.32,0.4206,12.08,9,87.08,87.88,0.0555,256,0.7764,1
47,6872.61,0.2223,740,25174.03,9.78,0,0,60403.62,6,0.36,111.0,0.1587,23.79,12,55.18,63.69,0.2375,263,0.8834,1
41,8878.18,0.1076,544,13256.54,4.22,1,0,32473.59,5,0.12,90.55,0.3254,14.72,13,56.38,75.25,0.1156,256,0.8173,1
41,4000.84,0.1421,770,19956.74,2.85,2,0,34093.65,10,4.65,78.52,0.9421,15.62,14,97.84,100.0,0.3375,266,0.7778,1
62,6907.19,0.1364,717,18033.23,2.56,1,0,60725.28,11,0.92,94.92,0.6343,7.65,8,60.53,72.22,0.3353,264,0.7786,1
26,832.1,0.8775,458,48086.44,0.1,2,1,27070.71,1,19.7,5.23,-0.6977,6.14,4,17.38,10.82,0.47,58,0.0919,0
53,6706.17,0.1028,774,12950.37,0.58,1,0,37313.98,9,0.24,80.4,-0.1078,12.96,11,61.6,78.04,0.0698,256,0.8447,1
51,4169.85,0.1791,625,43831.85,8.52,2,0,67971.64,12,0.58,72.11,0.5777,13.99,14,67.93,76.48,0.2238,284,0.6863,1
23,3595.94,0.8129,601,19451.01,0.41,5,0,14455.55,2,12.78,24.62,-0.179,2.94,1,7.35,23.18,0.7663,59,0.0203,0
40,3903.88,0.3317,680,12128.47,12.94,1,0,12823.98,11,0.11,50.05,0.4127,21.54,8,51.36,70.63,0.1405,283,0.8991,1
37,4342.0,0.5047,714,19502.48,0.8,0,0,25446.43,10,3.3,100.11,0.2285,19.07,13,64.42,69.84,0.0924,277,0.7145,1
54,4566.98,0.0765,623,29537.06,5.95,1,0,76616.3,4,1.46,116.39,-0.3651,8.47,7,81.15,73.26,0.0072,252,0.7566,1
24,3146.73,0.6828,500,21781.39,0.33,4,0,11204.53,7,0.77,24.13,-0.4212,4.04,3,30.18,31.14,0.1518,69,0.1559,1
19,1458.99,0.6875,484,39848.98,0.46,1,1,58324.95,4,0.58,0.0,-0.5674,1.09,2,16.71,31.16,0.5178,63,0.3516,0
57,2492.59,0.1278,717,17186.8,6.05,1,0,18417.55,13,0.58,57.02,0.1971,19.53,13,46.67,89.9,0.1852,285,0.4629,1
43,5068.86,0.1683,746,20111.96,2.9,3,0,41082.27,6,2.62,95.18,0.3487,16.43,3,66.64,60.77,0.3748,262,0.546,1
44,3967.88,0.1916,587,17758.4,32.15,0,0,36768.94,15,1.18,82.78,0.4542,10.83,10,34.54,54.96,0.0175,263,0.458,1
44,6696.27,0.0809,780,35918.27,3.53,2,0,75059.76,6,0.4,74.76,0.3772,4.19,5,80.69,72.65,0.2589,268,0.4542,1
41,6409.21,0.3971,744,18929.06,2.67,2,0,39515.74,8,0.16,71.5,0.6505,17.85,9,63.1,61.59,0.0975,247,0.8394,1
42,4880.53,0.6288,401,31921.9,5.95,6,0,41039.03,3,12.68,39.06,-0.6191,2.14,1,40.51,16.06,0.3924,52,0.304,0
23,4160.77,0.3378,549,10514.85,2.51,6,3,19172.85,2,9.09,27.14,-0.2898,0.93,5,14.3,39.9,0.7239,78,0.5217,0
57,6501.77,0.05,850,42947.64,11.4,1,0,48847.75,11,0.46,68.86,0.6985,5.6,13,71.91,70.91,0.371,258,0.6242,1
44,3775.34,0.1505,607,35297.93,12.14,1,0,53234.87,8,1.48,78.46,0.4619,6.93,14,80.8,71.71,0.094,245,0.8299,1
48,8050.98,0.1424,635,20396.03,7.65,3,0,29311.8,5,1.55,78.98,0.1928,5.83,17,75.36,61.51,0.4017,280,0.8132,1
49,5176.45,0.1624,638,18654.89,20.99,1,0,14910.15,7,0.73,108.01,0.1567,26.43,12,81.08,92.31,0.0559,237,0.7699,1
46,6717.89,0.252,746,19603.46,10.04,1,0,27358.76,7,0.55,79.3,0.1636,18.56,14,59.36,67.57,0.0482,291,0.5679,1
44,5425.96,0.1819,799,29550.25,5.09,2,0,40832.68,9,3.45,54.62,0.7989,4.87,10,53.88,44.32,0.0816,238,0.8267,1
47,7900.76,0.4136,727,15343.75,4.14,0,0,36587.44,7,1.88,59.61,-0.1854,10.58,1,47.51,85.75,0.3056,241,0.8237,1
49,10663.36,0.0979,684,8154.66,0.2,3,0,7997.88,5,0.56,79.14,0.2193,12.46,9,67.58,52.16,0.1128,259,0.7715,1
36,3155.68,0.2988,482,23332.91,7.67,1,0,42141.04,5,2.56,52.56,-0.1159,3.51,8,64.7,89.56,0.3315,263,0.9035,1
47,14107.78,0.1123,687,13678.35,3.55,2,0,15393.24,11,1.42,93.76,0.0901,32.0,13,55.63,82.97,0.2472,243,0.5872,1
41,5942.47,0.05,748,23472.55,5.1,1,0,76655.33,8,0.02,120.03,0.8805,36.55,7,51.56,64.61,0.3798,240,0.9377,1
28,868.15,0.2078,389,28092.3,2.77,2,0,38514.29,1,16.95,45.98,-0.676,1.88,3,43.86,32.5,0.7822,60,0.0438,0
30,2259.24,0.4999,457,23726.17,0.04,1,0,20427.7,2,45.0,17.15,0.1198,2.52,1,12.96,37.93,0.5473,37,0.2212,0
46,7536.65,0.05,460,24589.25,3.54,1,0,36856.4,10,0.8,89.06,0.3189,13.27,17,64.64,99.78,0.1545,289,0.861,1
50,6995.8,0.3461,614,49193.14,2.43,1,0,77132.89,6,3.41,72.6,0.5885,20.05,14,68.42,100.0,0.1291,252,0.9464,1
41,1183.35,0.7191,517,13813.01,0.52,1,2,11068.98,2,3.28,16.39,0.028,3.43,3,10.27,34.18,0.6216,52,0.0212,0
47,5375.19,0.4045,766,39917.29,1.44,3,0,48553.39,5,1.05,96.2,0.5872,40.93,14,68.31,87.65,0.112,264,0.716,1
45,6613.59,0.3481,652,30394.97,36.04,1,0,85039.76,10,4.42,69.31,0.237,6.51,13,70.05,57.74,0.2044,239,0.8011,1
26,1744.17,0.7158,498,13771.17,3.3,4,0,22034.48,1,7.06,20.79,-0.2954,1.68,2,0.0,15.01,0.5787,49,0.0863,0
43,10331.9,0.2869,567,30802.27,6.67,1,0,63583.59,14,1.33,66.05,-0.172,14.3,16,80.45,85.75,0.0061,242,0.8101,1
28,2337.32,0.6714,544,64773.65,0.04,4,2,110628.82,4,2.3,32.72,-0.4576,0.91,1,27.24,34.31,0.3843,53,0.1144,0
44,8874.52,0.2831,724,8986.0,17.64,3,0,22876.99,6,1.72,88.72,-0.0161,12.09,8,43.67,100.0,0.5207,262,0.8525,1
38,1080.23,0.5538,539,14151.82,2.56,0,1,11033.18,4,11.25,9.44,-0.4816,2.31,4,21.89,4.49,0.5385,59,0.1055,0
60,5926.22,0.3271,633,30536.69,10.83,0,0,103760.29,8,0.77,56.15,0.6936,21.04,13,71.84,86.96,0.3329,276,0.658,1
30,4409.8,0.05,756,12483.98,0.98,3,0,11832.02,10,0.65,77.77,0.0942,13.12,13,90.51,62.32,0.3194,279,0.8748,1
49,3059.81,0.2258,724,20552.74,4.43,1,0,28799.18,5,0.43,108.07,0.5833,14.24,11,71.19,66.86,0.2793,237,0.714,1
49,16099.64,0.1813,811,16898.9,6.85,1,1,26774.69,8,0.52,65.78,-0.231,8.21,16,64.17,93.34,0.1334,248,0.4566,1
38,4561.4,0.1617,694,15670.66,7.05,2,0,12456.71,6,1.64,112.72,0.4724,14.86,11,48.41,100.0,0.3397,246,0.807,1
53,8224.06,0.185,640,18688.01,18.3,0,1,24121.2,6,0.74,76.54,0.445,32.82,13,68.94,84.57,0.2021,248,0.81,1
47,13368.28,0.05,720,30037.71,13.4,1,0,67937.66,13,1.1,103.03,0.475,16.43,13,81.02,75.7,0.202,222,0.876,0
56,5272.05,0.1019,656,15651.3,3.14,2,0,15049.28,11,0.14,45.02,0.3504,6.95,15,82.17,75.36,0.2381,272,0.8723,1
29,12914.19,0.3342,758,14936.59,12.17,0,0,57956.43,14,1.15,78.96,0.1683,25.42,14,60.87,75.22,0.295,265,0.7303,1
38,9041.02,0.2233,715,23660.03,40.0,1,0,54685.31,10,0.21,89.47,0.2229,14.98,12,76.37,100.0,0.2001,260,0.6633,1
50,5850.91,0.05,703,30937.56,4.08,0,0,62625.61,5,0.82,60.09,0.5018,13.57,9,62.15,65.46,0.2633,267,0.9073,0
40,4761.37,0.4321,692,7581.3,8.59,1,0,12912.42,12,0.11,54.76,-0.2279,6.69,6,52.74,67.54,0.1475,293,0.9665,1
29,5741.89,0.5615,720,8841.33,25.47,2,0,12056.15,4,0.97,96.6,0.3712,15.16,14,66.5,84.13,0.1436,300,0.8121,1
29,3473.01,0.5582,485,26567.88,3.06,2,1,17426.24,2,0.64,0.0,-0.0337,1.62,2,31.18,12.84,0.4479,75,0.5316,1
53,4048.04,0.0533,585,17125.46,10.8,0,0,23066.62,3,1.04,78.16,0.4866,7.11,17,50.31,73.12,0.127,277,0.7971,1
34,1697.86,0.7023,375,35111.9,1.27,1,1,55961.36,1,1.84,6.65,0.4243,4.6,4,28.44,31.8,0.7609,59,0.184,0
44,3681.06,0.307,699,29118.12,3.71,2,0,54227.73,12,1.79,76.07,-0.224,5.22,14,77.14,73.69,0.055,278,0.6874,1
42,3097.01,0.5181,761,49886.39,1.6,0,0,109178.95,8,1.37,112.21,0.3897,10.82,17,68.05,69.11,0.2866,240,0.7435,1
47,5680.15,0.0585,660,22496.87,2.15,0,0,26358.53,2,2.47,73.39,0.4583,9.1,8,85.87,100.0,0.3546,257,0.6956,1
37,7423.82,0.2751,600,15527.66,5.32,2,0,18527.21,6,0.24,77.27,0.1352,8.97,15,72.56,84.31,0.2839,262,0.6233,1
39,3738.35,0.1391,771,18451.31,18.95,2,0,44604.24,9,4.39,100.22,0.1296,4.45,9,38.34,85.35,0.4446,252,0.7155,1
48,1203.4,0.7278,464,12687.8,1.11,1,0,13122.0,3,24.05,17.75,-0.6587,3.47,3,19.57,30.95,0.4745,62,0.0797,0
39,3409.42,0.2117,704,40754.56,3.24,0,0,69245.9,9,0.59,80.47,0.1134,17.81,12,34.31,72.88,0.4796,256,0.9297,1
46,13412.3,0.0884,533,21956.82,6.43,0,0,34587.58,4,2.43,67.91,-0.1484,16.27,11,94.67,67.26,0.3865,262,0.7065,1
36,6418.21,0.1134,436,11168.71,8.52,3,0,32923.16,8,0.04,58.33,0.2323,6.31,13,66.09,84.82,0.1797,241,0.7945,1
39,3587.89,0.563,601,23727.27,6.51,1,0,65281.46,7,6.4,128.9,0.623,6.03,12,62.31,100.0,0.2944,284,0.9107,1
41,4814.18,0.157,729,20361.11,7.89,0,1,37051.45,5,0.63,69.84,0.0362,7.92,10,76.97,100.0,0.0828,295,0.7292,1
34,5420.51,0.0803,639,21609.09,11.59,4,0,18269.52,7,1.24,85.62,0.8289,9.98,3,56.61,65.12,0.1908,279,0.7595,1
30,15721.95,0.05,671,37950.81,0.66,2,0,146873.56,6,3.54,84.93,0.4759,8.13,16,72.03,72.56,0.2257,239,0.4702,1
42,2489.58,0.1087,678,47245.28,2.22,2,0,159901.12,8,0.65,123.98,0.241,10.76,12,69.35,48.17,0.0445,289,0.9292,1
22,5115.4,0.05,702,24438.78,4.95,2,0,48943.47,10,1.04,58.84,-0.2063,11.97,10,79.54,73.94,0.5574,277,0.7829,1
32,1141.25,0.7806,481,47622.23,0.32,4,0,40660.67,2,11.33,15.82,-0.1146,3.92,1,39.13,0.0,0.3724,69,0.1829,0
53,4241.69,0.3258,623,24142.45,6.42,1,0,45440.84,5,1.42,80.83,0.4215,15.25,8,59.3,90.66,0.0695,269,0.7011,1
23,2235.58,0.4189,393,20598.87,0.58,3,1,34243.59,1,0.7,33.8,-0.4813,6.62,4,15.6,13.48,0.6575,51,0.2409,0
48,4099.3,0.1612,850,35223.0,3.95,1,0,113378.06,12,1.09,62.35,0.3812,5.75,11,75.9,100.0,0.2948,251,0.9477,1
32,8954.97,0.173,722,28205.19,17.03,2,0,34416.4,8,0.81,86.76,-0.0083,15.05,10,42.3,81.02,0.2873,250,0.7277,1
23,2832.74,0.6115,451,22188.83,7.39,2,2,30154.97,3,1.44,1.7,-0.715,0.94,3,0.0,23.22,0.6943,56,0.1662,0
43,9677.71,0.3323,367,37290.31,0.4,2,2,20676.6,2,21.96,8.17,-0.7281,6.23,1,9.9,0.0,0.2251,68,0.2747,1
41,4698.09,0.1089,672,12277.33,13.23,0,0,12411.33,5,0.34,63.63,0.5783,42.57,14,100.0,53.21,0.1086,245,0.7543,1
48,9068.77,0.171,738,11797.8,0.04,3,0,58068.64,8,1.96,103.8,0.0404,4.84,8,63.92,84.77,0.0896,284,0.7451,1
41,2678.48,0.1199,562,15899.2,4.99,0,0,21265.76,4,1.65,90.76,0.3567,21.48,8,58.39,92.33,0.1788,245,0.6773,1
36,6337.24,0.2345,850,21087.29,0.79,0,0,79983.01,10,2.66,95.78,0.2379,10.65,8,57.75,52.42,0.1552,253,0.8416,1
37,2696.44,0.0826,811,33317.19,13.89,1,0,53722.98,8,0.2,94.63,0.0489,9.32,8,64.96,93.16,0.1415,269,0.5734,1
28,1471.3,0.727,642,63182.24,2.86,0,0,48377.36,3,15.61,34.25,-0.0593,1.45,3,45.76,33.61,0.6902,63,0.2025,1
36,5667.96,0.1835,665,13260.46,5.01,2,0,37584.5,10,1.34,42.03,0.4896,11.75,9,81.38,100.0,0.273,253,0.707,1
34,6229.19,0.0609,768,53000.19,3.53,1,0,197363.58,6,0.55,49.96,0.7229,8.74,15,84.0,91.03,0.5482,246,0.3374,1
44,2333.09,0.374,789,27200.33,3.72,2,0,29860.58,10,0.73,85.94,0.4965,60.0,11,84.23,99.67,0.1344,273,0.6749,1
21,763.61,0.4631,416,24645.32,2.93,3,0,20360.26,1,1.9,25.07,0.1636,3.2,3,6.18,40.78,0.8363,59,0.1039,0
49,5948.07,0.1338,801,24224.15,11.42,0,0,20327.87,9,0.4,106.53,-0.2275,9.75,7,56.85,38.86,0.0927,247,0.8107,1
31,2085.22,0.6584,484,39947.57,3.32,6,1,53391.45,2,6.13,3.57,0.1954,2.47,4,15.48,0.0,0.5195,58,0.3638,0
37,3979.18,0.1125,635,14482.69,0.4,1,0,18362.62,4,0.01,112.13,0.2873,8.34,17,85.63,100.0,0.1539,279,0.7009,1
37,6124.54,0.1952,702,14524.15,19.46,1,0,24782.41,8,0.1,30.73,0.4247,4.73,15,67.59,66.84,0.1547,275,0.8344,1
52,3085.89,0.05,664,13988.16,0.64,1,0,22165.41,13,1.8,93.48,0.1685,21.54,5,75.13,50.38,0.2022,249,0.6457,1
43,8682.78,0.05,726,24266.09,3.66,2,0,58338.34,7,2.08,111.34,0.2112,5.14,17,81.06,57.35,0.1381,255,0.8226,1
47,6171.07,0.1595,730,28434.76,9.4,3,0,76776.68,11,2.08,60.77,0.2573,28.65,13,67.75,56.47,0.0409,286,0.7829,1
55,4862.28,0.05,713,25521.8,2.74,0,0,46611.51,14,0.36,80.61,0.3809,12.56,7,44.97,97.71,0.0665,234,0.833,1
39,2596.92,0.7795,386,28829.32,1.12,1,1,34965.03,1,0.79,0.0,-0.4537,4.01,1,18.03,25.33,0.7073,53,0.1837,0
44,2819.95,0.347,703,7958.92,21.34,0,0,17028.12,8,1.25,106.85,0.6218,18.75,17,87.2,66.75,0.2076,258,0.7238,1
47,2806.71,0.2162,739,35347.06,10.08,0,0,75696.31,12,2.47,73.19,0.2285,2.98,7,72.99,67.56,0.1966,266,0.774,1
34,8477.14,0.2896,821,19214.76,0.71,2,0,46476.7,12,0.61,77.54,0.2798,10.6,11,65.6,100.0,0.2388,265,0.7697,1
37,2115.41,0.5421,538,44715.31,1.02,1,0,70612.01,1,1.26,0.0,-0.4914,2.62,1,23.54,0.0,0.538,70,0.0808,1
45,4366.0,0.0812,683,29833.81,12.96,3,0,59925.04,11,0.7,67.79,0.8388,7.63,9,90.25,62.31,0.0854,269,0.5668,1
42,6798.24,0.3049,573,27478.75,8.74,0,0,66110.55,8,1.77,82.33,0.3455,11.9,13,57.03,98.03,0.0558,247,0.6966,1
53,19180.19,0.0873,591,50736.66,7.39,0,0,47560.98,15,2.09,105.25,0.1644,18.14,13,73.19,78.03,0.0895,255,0.6966,1
45,7687.69,0.2947,697,32621.97,11.45,0,0,43121.93,5,0.66,98.74,0.5797,6.51,13,79.7,70.69,0.0383,278,0.9526,1
20,1665.93,0.4568,460,39606.04,1.08,0,1,32159.72,3,3.49,0.0,-0.7428,0.97,3,24.15,28.94,0.5964,50,0.1671,0
38,5002.9,0.1648,559,20368.57,19.06,1,0,9114.63,11,0.27,70.81,0.1432,4.74,14,70.74,73.97,0.2955,274,0.7377,1
38,3024.02,0.4605,735,18504.46,5.02,2,1,42713.16,5,2.25,116.29,-0.0238,16.39,10,58.83,93.81,0.022,281,0.8107,1
35,1335.41,0.6015,478,61580.69,2.96,4,0,70122.42,3,0.69,25.19,-0.251,12.86,1,4.11,17.83,0.5209,55,0.269,0
43,6627.5,0.0962,630,63162.76,11.01,2,0,87856.61,9,3.18,58.81,0.7744,6.39,9,70.29,57.37,0.1182,269,0.8085,1
31,11723.95,0.2717,645,27198.41,21.58,2,0,47959.09,8,0.37,104.77,0.298,6.04,12,70.89,79.54,0.2746,261,0.3824,1
31,2949.14,0.1346,650,24267.65,1.57,0,0,52253.57,15,2.75,76.49,0.0806,22.12,11,65.36,74.98,0.1085,271,0.5854,1
53,6215.15,0.05,750,15908.41,2.08,0,0,36489.49,9,0.26,51.81,0.4817,9.01,7,64.4,71.4,0.0251,278,0.7055,1
43,4795.5,0.3858,803,47982.58,2.35,0,0,133407.91,5,1.32,49.06,-0.1945,9.65,16,75.66,100.0,0.0833,242,0.6852,1
46,14258.18,0.05,681,32586.46,0.07,1,0,162932.3,9,0.35,108.29,0.5514,24.64,14,78.11,62.51,0.0901,249,0.7013,1
47,3389.75,0.1518,798,44507.09,3.17,1,0,59486.65,5,0.57,34.81,0.1055,21.91,15,87.26,86.28,0.2022,256,0.8039,1
35,7509.81,0.2081,679,26973.77,6.85,0,0,34179.8,3,0.52,78.01,0.3823,17.93,15,63.85,57.53,0.1856,244,0.633,1
49,9349.42,0.397,727,18078.28,12.64,0,0,34111.36,11,1.29,87.98,0.6526,47.41,9,77.95,100.0,0.2524,242,0.8093,1
44,12328.23,0.1811,652,49335.05,3.01,0,0,155061.75,5,7.43,76.99,-0.016,4.27,13,100.0,66.17,0.4578,252,0.7459,1
31,6964.75,0.4332,710,22716.97,0.19,1,0,106378.85,7,1.34,71.41,0.1416,6.63,9,100.0,61.0,0.0604,272,0.855,1
53,5466.53,0.3044,660,23797.23,9.1,4,0,65675.82,5,0.76,53.93,0.0655,13.6,16,55.94,81.63,0.4154,244,0.6476,1
56,8208.99,0.05,724,25095.23,11.77,1,0,18338.3,5,0.78,69.8,0.424,19.13,19,42.62,86.43,0.1853,271,0.6206,1
28,3025.45,0.6308,443,28805.64,0.3,3,1,52429.08,1,17.93,15.88,-0.2134,3.43,2,13.14,46.63,0.4307,59,0.1579,0
45,12384.56,0.1634,646,16200.35,10.34,0,0,52439.5,11,0.38,66.84,0.1257,11.43,12,69.37,69.08,0.2473,265,0.7663,1
38,25000.0,0.0751,655,12200.31,9.75,1,0,34238.12,6,2.71,110.59,0.4968,10.32,10,49.62,94.4,0.1745,243,0.8218,1
32,1984.81,0.42,538,51591.26,1.92,3,0,59906.29,2,1.17,0.14,-0.6253,2.2,1,18.31,0.0,0.7093,59,0.2661,0
30,4715.73,0.2823,619,10213.72,6.25,0,0,18588.33,11,1.53,70.26,-0.0068,4.28,10,96.11,76.93,0.3519,265,0.8565,1
39,13716.77,0.1549,661,42157.47,4.34,0,0,100887.24,5,0.67,72.32,0.4229,9.72,13,61.28,87.63,0.216,264,0.5882,1
46,5167.52,0.1563,701,41858.08,13.74,0,0,154362.16,8,0.93,77.09,0.5593,27.61,6,62.96,65.97,0.111,256,0.9858,1
42,5801.39,0.05,574,21535.93,21.03,1,0,71196.49,11,2.44,69.12,0.2277,6.74,18,41.87,74.16,0.2128,266,0.6643,1
54,10488.84,0.3907,798,16081.1,3.18,0,0,68241.44,12,1.07,108.14,0.0724,18.87,10,46.4,56.9,0.3655,282,0.8363,1
50,3313.3,0.2141,757,16767.42,16.02,1,0,55304.44,6,2.64,108.63,0.5603,4.38,14,49.87,94.05,0.1437,275,0.879,1
51,3138.92,0.207,612,14994.2,9.61,0,0,12794.85,12,1.04,49.34,0.3474,10.98,11,78.31,85.46,0.0805,241,0.8146,1
18,2424.13,0.494,528,23985.58,5.08,1,1,40510.13,6,2.47,8.33,0.2482,5.04,2,13.47,10.78,0.8356,64,0.087,0
37,4887.61,0.4189,725,15346.0,2.37,1,0,17851.25,10,2.72,94.76,0.3905,8.34,16,64.94,71.08,0.3396,271,0.4858,1
51,4618.5,0.4412,676,17144.14,4.95,1,0,28777.76,4,0.56,81.26,0.097,22.73,10,69.87,50.38,0.1415,248,0.6523,1
32,5619.57,0.5412,782,14947.67,3.86,0,0,23351.93,3,0.02,62.62,0.4042,15.36,15,60.29,51.67,0.5975,267,0.574,1
38,11348.41,0.327,805,17215.36,15.57,0,0,41206.53,10,0.4,102.51,0.1658,20.85,15,75.42,84.55,0.434,246,0.678,1
46,1451.83,0.3107,694,16679.2,4.53,2,0,28131.25,6,4.47,101.1,-0.04,40.67,12,63.02,85.59,0.1104,275,0.8375,1
43,6335.94,0.1395,572,22837.81,1.43,0,0,47177.08,5,2.34,61.98,0.4127,12.4,6,65.28,91.43,0.0786,290,0.8423,1
36,4129.43,0.4261,705,42149.16,7.61,1,0,22724.51,8,1.28,107.32,-0.062,33.81,9,89.64,80.62,0.2662,279,0.9325,1
42,1989.85,0.2183,691,24319.37,20.26,1,0,59723.25,8,1.6,89.89,0.553,10.05,7,70.49,79.24,0.2056,230,0.5418,1
41,5906.59,0.05,667,28433.92,14.09,0,0,61749.26,9,0.52,60.88,-0.055,14.77,8,77.09,72.32,0.1737,275,0.8158,1
44,4066.24,0.2421,691,21126.74,17.4,2,0,32449.83,7,4.05,76.02,0.2551,14.54,10,67.95,75.64,0.1728,250,0.7987,1
41,7329.3,0.1491,783,32193.07,20.46,0,0,60474.99,5,0.62,88.21,-0.1014,5.41,11,66.69,56.17,0.1933,272,0.9458,1
46,9004.06,0.4729,710,14449.99,0.78,1,0,25976.89,11,3.75,93.24,-0.036,40.76,12,66.6,76.24,0.2581,265,0.7203,1
51,18106.01,0.1458,515,13306.31,0.94,1,0,16263.26,8,0.41,117.09,0.3255,19.96,10,71.47,84.78,0.2087,287,0.8165,1
21,5080.22,0.3102,408,18473.61,1.5,4,1,7599.3,5,5.82,0.0,0.0922,1.39,1,15.3,21.22,0.7055,63,0.2259,1
51,5004.26,0.3219,646,27569.67,7.11,3,0,23421.22,2,2.9,95.27,0.0294,22.04,14,52.71,63.38,0.263,249,0.7932,1
47,15092.65,0.0581,773,48892.58,1.39,3,0,121256.35,7,0.4,82.05,0.2506,33.31,11,63.3,71.35,0.1642,244,0.6047,1
39,5620.19,0.1151,624,24584.69,10.32,2,0,56941.27,5,1.66,85.09,0.3761,7.77,10,54.23,73.02,0.1351,236,0.7777,1
34,8092.17,0.2324,660,44874.84,10.74,1,0,113417.48,1,1.03,58.92,0.6314,25.7,10,82.39,37.53,0.1285,250,0.8969,1
47,3879.68,0.2456,699,13901.55,7.83,1,0,15625.75,9,0.41,94.75,0.0763,28.0,13,77.18,100.0,0.2632,268,0.9005,1
45,8745.98,0.05,717,21192.21,17.11,0,0,33440.94,6,0.76,81.44,0.2713,18.71,14,70.53,100.0,0.2703,281,0.7168,1
62,5378.43,0.1758,782,33692.08,15.18,0,0,104404.38,11,0.22,68.25,0.3703,5.12,8,56.48,71.25,0.138,248,0.8872,1
50,13197.76,0.1951,686,18098.77,7.13,0,0,30156.2,8,1.3,85.26,0.1887,16.47,15,73.01,85.08,0.2067,280,0.8658,1
38,9460.61,0.1022,638,22983.3,7.74,3,0,24429.78,7,0.12,39.8,0.2037,15.7,14,81.09,100.0,0.1813,252,0.8685,1
54,7937.55,0.1055,707,24731.58,4.18,0,0,28552.41,6,1.04,60.26,0.086,18.52,12,76.37,79.82,0.1997,298,0.6461,1
42,7346.57,0.3118,611,22887.96,7.98,1,0,51813.46,6,2.58,50.74,0.4139,18.47,13,72.79,74.2,0.2186,257,0.7328,1
46,8130.8,0.1166,779,26969.74,6.33,3,0,67435.67,5,4.08,67.89,0.2622,21.19,10,80.73,64.48,0.0547,240,0.4479,1
61,9242.16,0.05,622,12444.16,40.0,0,0,8695.42,7,0.53,119.6,-0.3778,6.48,14,62.13,100.0,0.428,248,0.826,1
45,2222.3,0.546,568,27509.9,0.69,2,1,9676.17,2,29.46,14.18,0.0441,5.72,5,11.6,34.93,0.5922,55,0.076,0
50,4267.76,0.2379,730,10785.59,2.29,1,0,29142.1,7,1.59,89.74,0.5619,6.69,17,72.84,75.35,0.2031,275,0.958,1
44,14316.94,0.4286,686,61592.35,9.19,2,0,103567.81,11,0.25,65.07,0.0613,8.24,9,62.07,43.16,0.1033,267,0.6146,1
35,6567.94,0.1155,802,11484.69,5.56,1,0,13521.75,5,2.92,108.12,0.5197,28.15,10,58.78,80.27,0.2979,252,0.7367,0
34,1574.07,0.4725,598,25369.17,1.32,3,0,23419.58,1,21.48,0.0,-0.3402,2.77,3,38.5,40.96,0.3902,45,0.3165,0
21,1891.01,0.762,636,28393.57,1.99,6,1,40682.3,2,6.71,37.01,-0.5604,1.91,2,25.93,20.71,0.6169,52,0.2142,0
42,2526.9,0.05,641,34995.79,5.2,0,0,77424.14,6,2.58,102.77,0.4182,8.67,14,87.31,69.31,0.1104,250,0.9067,1
48,3527.55,0.2834,693,25061.83,6.55,0,1,20845.38,8,0.18,87.11,0.4656,26.39,9,44.55,74.73,0.1017,255,0.9077,1
42,4306.19,0.1427,759,20843.92,15.16,0,0,82506.05,8,0.33,73.14,0.4181,11.78,18,57.17,83.98,0.345,273,0.8807,1
29,4562.25,0.6845,566,14876.69,0.27,3,1,12347.34,3,0.63,11.42,-0.4609,3.17,4,25.78,35.38,0.742,56,0.0301,0
42,5501.12,0.1346,545,22247.99,0.14,2,0,42018.57,9,2.69,71.9,0.5352,15.77,11,56.88,86.79,0.3126,241,0.7462,1
70,6974.92,0.4055,704,23054.95,5.74,0,0,61106.46,8,0.59,73.7,0.4461,25.07,10,56.92,61.03,0.0285,268,0.6195,1
48,11130.45,0.05,622,34345.4,3.68,1,0,86821.33,8,1.04,100.47,-0.3095,12.1,11,54.98,91.16,0.1254,273,0.537,1
48,3706.25,0.1105,749,31679.82,29.08,0,0,44026.1,5,1.82,88.47,0.479,16.3,15,66.77,90.11,0.1378,251,0.8851,1
40,1355.52,0.4622,386,45825.34,0.33,1,0,149006.93,1,2.49,0.0,-0.203,13.85,2,32.72,19.13,0.5085,64,0.0589,1
33,3037.84,0.1356,675,21191.54,7.5,0,0,23215.65,7,1.1,97.28,0.0478,16.21,14,65.34,84.61,0.0572,286,0.5798,1
42,7025.69,0.5994,523,21263.57,1.82,3,1,13477.25,4,20.37,2.92,-0.7105,2.51,6,28.2,42.66,0.2204,48,0.2621,0
33,4617.82,0.3947,503,80889.68,0.86,2,1,68168.16,3,2.5,0.0,0.0545,5.26,3,30.52,2.02,0.3766,54,0.1422,0
27,3208.78,0.4871,479,36243.81,3.42,6,0,23316.26,1,10.17,40.74,-0.1545,1.94,3,21.37,16.82,0.2722,71,0.3701,0
46,9712.4,0.0979,825,14482.14,10.79,1,0,41589.17,7,1.72,93.79,0.365,10.66,10,89.51,75.2,0.1667,267,0.7193,1
50,7124.44,0.0852,731,15076.89,6.75,3,0,44476.45,9,4.6,78.08,0.2851,13.92,14,90.79,72.97,0.1642,252,0.754,1
32,2825.37,0.2057,686,13627.21,5.51,1,0,18867.79,7,0.81,62.08,0.4763,32.53,15,63.86,70.03,0.1638,241,0.7046,1
36,6320.55,0.445,560,19281.35,9.0,0,0,41411.73,7,0.38,81.4,0.0375,21.3,8,79.04,55.28,0.2153,250,0.6966,1
55,19991.47,0.3774,546,32161.58,8.66,0,0,67878.91,6,0.06,99.5,0.3598,14.77,11,77.79,80.79,0.1808,250,0.6529,1
41,4730.38,0.5184,716,12571.36,11.53,1,0,24635.22,5,0.38,67.34,0.3876,10.44,7,64.6,72.45,0.215,259,0.8258,1
38,2425.57,0.2714,711,33766.31,2.0,0,0,44409.6,6,0.26,82.29,0.2213,9.51,11,71.89,41.84,0.109,252,0.6536,1
33,2757.03,0.92,300,21858.5,5.65,7,1,35400.46,4,12.2,8.76,-0.67,5.79,3,41.54,10.36,0.511,54,0.072,0
38,2494.38,0.6696,540,25547.7,0.68,4,0,40242.31,1,39.5,19.91,-0.3631,6.24,3,2.46,68.48,0.5101,49,0.0403,1
18,1980.61,0.7001,421,27665.57,1.41,1,1,12649.39,1,45.0,26.99,-0.4918,3.89,1,22.66,16.64,0.2469,60,0.1956,0
44,15010.05,0.3493,642,50010.0,7.46,0,0,77328.86,11,6.38,68.44,-0.0586,11.9,7,83.09,71.12,0.0502,275,0.7733,1
58,3388.04,0.2767,608,22029.98,5.2,1,0,60922.37,5,1.54,44.64,0.2639,6.88,10,80.47,89.14,0.246,226,0.6871,1
51,2297.68,0.3646,541,12899.2,14.78,1,0,24590.63,8,1.41,104.74,0.5551,26.32,14,82.11,90.07,0.3802,242,0.8159,1
32,2231.66,0.5647,496,25192.36,5.24,6,0,28335.37,1,8.11,6.68,-0.97,1.56,2,29.22,1.6,0.661,55,0.4628,0
45,2188.0,0.2326,422,41976.97,0.61,6,1,46689.03,1,7.1,33.8,0.055,7.8,3,22.47,4.83,0.6067,51,0.5847,0
49,7525.47,0.0539,765,56865.52,16.99,0,0,109020.47,11,0.5,91.18,0.6568,6.0,18,65.82,100.0,0.3006,233,0.9015,1
45,11067.89,0.3421,815,26831.24,9.47,1,0,134156.18,17,1.41,106.71,-0.1478,9.59,11,40.79,77.51,0.1047,274,0.7879,1
40,10349.25,0.125,607,11653.87,6.34,0,0,24912.18,9,0.88,90.23,0.4781,17.69,8,83.19,58.53,0.252,257,0.8089,1
38,3191.67,0.3499,562,53759.7,40.0,0,0,113789.67,10,0.58,69.22,0.1893,12.12,13,82.53,64.2,0.2541,235,0.3092,1
37,3836.24,0.2315,692,22115.49,7.67,2,0,50653.2,5,0.51,94.35,0.1169,1.93,8,52.87,88.67,0.2116,260,0.8792,1
25,8589.99,0.05,684,11323.95,16.08,1,0,9797.85,5,0.29,86.57,0.3547,12.34,11,35.53,70.57,0.0877,275,0.9591,1
36,2069.22,0.7797,498,37656.23,0.96,2,4,32297.82,2,12.81,29.18,-0.5694,2.34,5,24.64,12.35,0.6051,40,0.3171,0
46,6309.02,0.116,691,10010.45,21.84,2,0,16037.99,8,1.34,68.27,0.6713,24.46,10,92.41,75.97,0.4802,245,0.9104,1
58,5140.16,0.0714,662,8710.41,28.16,0,0,7777.06,10,0.14,81.62,0.2075,8.47,12,67.28,62.73,0.2466,263,0.8597,0
45,4183.2,0.5992,370,18744.58,3.54,2,0,8902.01,2,9.19,52.07,-0.3609,1.66,2,0.0,41.54,0.5527,63,0.1684,0
54,22931.22,0.3154,600,16032.09,0.33,0,0,56112.08,8,0.11,68.04,0.363,20.04,12,94.82,94.39,0.2023,288,0.9029,1
35,8870.97,0.2853,739,33583.0,3.66,1,0,45338.33,8,0.71,69.41,0.0561,31.08,13,62.77,64.38,0.3356,218,0.5402,1
58,8778.44,0.3344,753,24017.4,1.73,0,0,102803.48,11,1.17,104.79,0.6282,15.27,12,84.28,70.94,0.371,270,0.5655,1
27,3494.45,0.6222,376,32195.36,2.35,5,2,24604.18,4,23.53,1.52,-0.0961,4.77,3,2.6,7.77,0.483,66,0.1343,0
37,4693.06,0.1995,669,24716.59,28.04,1,0,23340.39,5,0.9,84.11,0.2381,29.18,10,66.61,79.28,0.0951,250,0.967,1
42,4697.28,0.0819,666,19973.02,4.0,0,0,25716.62,8,0.79,42.45,0.7709,8.24,9,100.0,67.85,0.3686,253,0.6817,1
29,8673.6,0.0818,496,26900.23,11.45,0,1,21190.9,5,0.12,84.58,0.7788,16.04,10,91.15,66.71,0.2762,242,0.8918,1
36,2722.55,0.05,762,40084.47,11.93,1,0,40707.93,12,0.81,74.48,0.838,10.3,13,83.91,97.56,0.2484,277,0.685,1
45,7753.24,0.241,777,46845.96,0.59,1,0,74926.77,9,0.83,93.12,-0.1088,14.65,16,92.28,53.64,0.2457,267,0.7308,1
18,1211.79,0.509,393,6142.82,1.1,1,0,10359.6,1,30.07,0.0,-0.3008,3.06,2,4.3,26.35,0.6763,53,0.1363,0
36,5918.45,0.2348,673,12158.79,0.86,1,0,33143.33,14,3.38,84.77,0.5916,14.86,16,76.06,89.45,0.2532,236,0.7248,1
52,2803.55,0.4423,758,14245.62,13.83,1,0,21741.29,9,1.28,67.87,0.4673,5.71,18,78.14,89.83,0.2046,270,0.8298,1
52,10075.54,0.3548,576,30425.66,22.1,2,0,43973.92,6,0.94,73.83,0.4742,16.4,8,73.25,49.81,0.3054,268,0.9435,1
33,2963.6,0.8098,402,15112.71,0.54,5,0,24544.28,1,24.68,30.53,-0.7993,3.41,2,27.48,45.2,0.448,55,0.1841,0
19,6286.71,0.7282,465,8240.54,1.29,4,1,12900.55,3,8.18,0.0,0.0902,8.23,4,0.62,2.65,0.8299,54,0.133,0
25,6380.99,0.8338,598,16510.38,2.61,2,0,7305.09,2,39.51,0.0,-0.2552,1.87,2,29.08,2.56,0.7333,49,0.2317,0
44,3326.19,0.3931,602,8381.77,16.88,1,0,17335.9,6,0.92,55.79,0.2166,37.65,10,85.77,99.52,0.1305,264,0.662,1
55,3609.75,0.5207,628,14529.91,1.45,2,0,10843.6,6,0.23,88.96,0.1333,16.4,14,56.06,100.0,0.3429,272,0.6911,1
39,5684.52,0.05,506,32857.77,2.44,2,0,65934.76,3,4.42,42.03,0.4792,6.81,13,73.28,82.51,0.0971,248,0.7095,1
22,2431.15,0.8119,500,44281.66,1.74,7,0,23528.95,5,19.91,0.0,-0.0299,2.85,5,19.74,62.29,0.6073,59,0.2057,1
33,1746.58,0.2861,453,40303.08,1.35,6,1,54258.16,3,15.54,59.9,-0.801,2.32,5,13.53,30.37,0.5482,56,0.5085,0
23,2973.75,0.4774,506,14478.14,1.42,2,0,15926.51,3,6.77,29.72,-0.2951,2.28,4,13.44,40.64,0.2202,53,0.2933,0
33,2341.77,0.3558,425,46661.13,0.22,6,3,40539.12,1,15.62,33.99,-0.2745,1.59,1,18.31,21.71,0.7274,44,0.2781,0
36,10031.88,0.1338,662,15671.78,0.73,1,0,28190.24,7,1.8,50.73,0.3736,8.47,16,56.59,61.32,0.1707,236,0.7734,1
34,5237.87,0.05,688,21862.5,3.18,1,0,35545.44,11,0.05,86.68,0.1529,5.05,17,37.51,86.17,0.2061,276,0.7784,1
50,11861.25,0.1163,681,21242.54,1.11,2,0,36207.14,12,0.31,54.87,0.2674,23.33,5,70.1,86.79,0.3015,266,0.6928,1
35,5444.05,0.05,647,21243.93,3.42,2,0,49875.61,6,2.23,70.72,0.4543,4.95,17,81.37,65.54,0.093,264,0.9324,1
54,4735.41,0.0932,675,20697.57,19.86,1,0,43995.89,1,0.33,54.57,0.5179,3.67,19,92.08,88.55,0.2049,242,0.3224,1
43,7857.31,0.1146,693,37922.19,1.28,3,0,57296.89,4,1.22,87.99,0.5438,17.34,15,55.1,54.29,0.4767,286,0.9305,0
46,13773.42,0.2714,651,52611.6,0.01,1,0,43933.45,8,1.89,122.54,0.1199,6.05,12,81.48,84.09,0.1678,242,0.7104,1
49,8081.17,0.05,630,15398.36,1.45,0,0,26756.43,13,3.01,71.68,0.2792,29.63,14,87.08,73.0,0.0853,282,0.9258,1
40,8901.94,0.071,672,18337.13,11.76,0,0,85448.11,3,1.41,99.9,0.5006,13.44,11,55.15,56.63,0.0066,273,0.4898,1
27,1896.17,0.425,450,11929.64,0.29,6,0,14073.33,4,3.56,0.0,-0.3036,3.49,3,0.0,25.71,0.6791,56,0.1078,1
56,8906.04,0.4054,643,23869.17,8.75,0,0,26878.79,4,2.63,104.91,0.4774,6.57,11,57.08,100.0,0.5892,289,0.9738,1
36,8639.38,0.2404,693,18411.46,6.03,0,0,26759.72,13,0.33,96.15,0.0889,13.93,6,50.76,62.73,0.5476,264,0.5117,1
33,4539.79,0.6306,483,11092.78,0.12,6,1,10108.51,2,12.04,15.28,-0.3637,1.27,2,14.95,6.97,0.328,66,0.1751,0
43,8593.9,0.2072,584,23562.97,20.47,1,0,39146.06,7,0.17,72.66,0.7459,42.89,11,71.88,98.35,0.1092,295,0.5709,0
30,3950.44,0.5573,418,45962.69,0.06,3,0,23711.68,4,22.74,0.0,-0.303,4.09,3,26.16,0.0,0.402,45,0.1534,0
31,3080.27,0.2901,548,16256.36,0.51,1,0,66694.74,9,0.69,65.64,0.5318,16.9,11,91.87,53.08,0.0878,234,0.8032,1
22,3827.65,0.7101,458,10066.21,1.02,4,1,6282.02,2,21.67,0.29,-0.43,1.96,3,32.67,16.55,0.4479,46,0.166,1
38,12825.12,0.3871,850,10572.81,3.91,0,0,48708.14,11,3.04,56.28,0.6647,33.13,15,100.0,57.85,0.0994,245,0.9623,1
25,3632.75,0.1152,712,5478.13,6.48,0,0,16692.45,5,0.6,74.39,0.4034,22.48,10,48.19,100.0,0.0246,253,0.4434,1
49,4736.17,0.1204,708,18905.04,5.37,2,1,38324.18,3,0.48,66.2,0.3868,25.01,14,89.04,76.11,0.3038,274,0.9211,1
49,3105.07,0.3682,647,23231.23,17.44,1,0,23008.5,8,1.78,55.39,0.6306,17.8,14,62.49,88.54,0.1331,246,0.8577,1
53,2649.59,0.354,576,14792.19,0.2,1,0,20318.06,5,1.92,77.41,0.754,24.66,8,75.01,66.23,0.1542,253,0.8374,1
39,4861.95,0.0759,716,37667.73,1.67,0,0,83799.86,5,0.97,52.76,0.1755,6.53,8,78.67,93.82,0.2746,253,0.7979,1
34,6971.73,0.2403,687,20395.12,3.43,1,0,29955.04,9,0.5,79.98,0.7452,15.32,10,74.37,89.0,0.3687,260,0.7643,1
41,7289.65,0.0661,587,17531.46,11.68,1,0,21805.18,3,0.78,89.18,0.2276,16.55,12,40.32,76.38,0.1247,283,0.9087,1
32,1740.47,0.5835,550,11412.16,0.22,5,0,15989.71,1,21.81,21.95,-0.4233,4.83,4,2.62,34.0,0.3214,54,0.122,1
31,4345.67,0.5753,499,29621.73,3.98,6,0,43694.16,1,7.41,21.56,-0.5498,2.54,0,15.06,12.24,0.767,62,0.1768,0
35,6550.3,0.0814,644,57793.7,4.06,0,0,58021.98,6,4.46,113.5,0.0319,14.12,14,75.0,81.4,0.1678,246,0.5087,1
52,7461.18,0.05,604,17390.06,10.22,0,0,34318.01,7,4.79,56.67,0.5146,5.77,14,54.78,59.15,0.3359,267,0.7663,1
29,5642.52,0.4161,314,41410.6,1.98,1,2,17109.01,2,45.0,35.0,-0.1213,5.66,6,0.0,35.74,0.5506,63,0.0071,0
60,7806.05,0.156,753,20229.83,9.81,0,0,45487.82,2,0.6,59.89,-0.0627,9.31,12,67.91,68.43,0.2468,258,0.666,1
33,1806.94,0.4489,407,26831.61,2.14,3,2,22474.24,3,11.94,38.6,-0.0597,1.22,3,15.28,62.27,0.434,58,0.1632,0
42,3408.52,0.2427,582,25833.14,0.86,1,0,36503.52,11,0.55,117.98,0.5372,10.39,12,90.85,51.67,0.287,287,0.6827,1
35,1460.28,0.5035,481,11942.41,1.81,7,0,12039.76,1,6.76,28.35,0.1215,1.28,1,2.34,21.64,0.3369,48,0.0013,0
58,2197.84,0.1093,727,40712.32,8.89,1,1,87176.46,7,0.45,71.67,0.4214,15.84,12,71.85,92.13,0.1776,251,0.7564,1
40,4729.13,0.1059,605,26348.06,4.57,1,1,85148.59,14,1.78,72.97,0.6095,8.0,12,97.44,87.19,0.2089,270,0.7682,1
44,4914.08,0.2677,646,7223.98,6.68,1,0,4288.56,9,3.36,72.5,0.6288,11.2,8,37.78,82.81,0.1059,264,0.9115,1
48,5060.28,0.4634,758,6782.09,3.82,0,0,11170.41,10,0.04,96.31,0.4088,11.04,13,77.66,48.53,0.0893,257,0.697,1
18,1274.41,0.7439,430,54304.66,1.07,4,1,58590.45,1,12.41,26.93,-0.9237,4.53,2,15.29,0.72,0.5569,55,0.1243,1
41,8469.22,0.05,667,14923.71,1.0,0,0,22206.02,5,1.71,26.54,0.4173,19.22,10,82.32,69.05,0.1201,274,0.6167,1
29,4995.06,0.6859,520,17647.67,0.57,3,0,9595.51,1,0.84,13.97,0.2713,1.24,3,16.68,10.85,0.1778,51,0.2164,0
46,7968.54,0.0747,578,48030.48,10.8,1,0,97104.99,7,0.42,70.15,0.6655,27.71,8,56.85,82.48,0.288,223,0.9261,1
44,2290.51,0.0861,738,28127.27,6.66,0,0,33347.94,12,1.89,100.7,0.2666,7.09,9,84.87,100.0,0.1891,268,0.6622,1
44,9049.47,0.1554,710,17406.08,6.87,1,0,34415.47,8,1.18,34.92,0.0766,3.25,13,67.96,96.17,0.3124,254,0.7656,1
38,8462.12,0.0877,602,19928.21,0.26,0,0,43018.16,8,0.36,56.55,0.6192,19.25,9,83.8,84.8,0.1925,244,0.5613,1
58,3953.26,0.1504,767,30976.89,9.89,5,0,52258.14,19,0.83,133.23,0.1806,13.55,11,52.11,57.22,0.0896,256,0.894,1
28,4507.91,0.1978,673,57590.46,16.37,2,0,50565.91,3,0.17,83.09,0.5538,8.76,16,88.3,81.97,0.4341,252,0.7097,1
28,3802.02,0.1449,663,20597.01,20.67,1,0,34081.91,4,0.41,113.1,-0.0823,24.34,9,75.28,61.32,0.2546,248,0.6666,1
40,4587.14,0.6432,707,12109.46,10.37,1,0,21413.3,11,0.03,84.26,0.5308,9.77,8,63.01,79.29,0.0722,257,0.6874,1
39,9031.9,0.4484,721,19344.37,5.5,1,0,27960.35,13,0.02,102.76,0.1814,12.32,14,87.19,77.21,0.217,229,0.7485,1
36,9408.8,0.0817,693,19283.78,0.83,0,0,32645.98,7,2.59,55.55,0.3824,35.08,13,50.8,79.76,0.0436,292,0.7978,0
44,3641.14,0.1011,790,11416.99,6.72,3,0,32450.78,7,4.94,84.13,0.0718,33.85,13,62.46,78.77,0.5368,274,0.813,1
36,8726.31,0.0574,613,31276.67,6.72,1,0,86239.71,9,1.56,64.43,0.3583,14.87,7,81.63,76.98,0.3465,278,0.8277,1
21,436.75,0.4281,552,40066.1,0.55,3,2,83580.24,2,6.96,50.19,-0.3319,2.9,4,5.26,11.65,0.6609,60,0.129,0
46,8425.43,0.5023,741,39541.11,5.14,2,0,125866.38,8,1.4,76.72,0.4285,5.6,13,65.64,55.66,0.0241,238,0.6667,1
45,8609.65,0.1926,526,17814.39,7.77,1,0,47824.19,8,1.79,92.11,0.008,12.64,7,60.46,58.03,0.1387,246,0.9573,1
40,8608.97,0.4231,744,27138.9,5.17,0,0,31934.62,3,0.63,93.26,0.1408,24.31,13,88.6,69.57,0.4661,252,0.6594,1
26,9597.02,0.3262,669,22219.25,1.78,3,0,34676.69,10,3.87,56.11,0.1117,17.22,11,66.47,56.9,0.1823,236,0.9251,1
18,1654.99,0.7112,662,79149.97,0.33,4,0,92440.91,5,41.66,7.32,-0.4958,1.87,4,5.14,20.2,0.4822,54,0.0367,0
45,6356.86,0.0705,638,28373.0,2.02,1,0,33336.76,7,3.7,83.01,-0.0703,13.95,8,72.22,89.62,0.0602,286,0.7115,1
35,8750.33,0.1705,621,11515.14,10.26,1,0,29676.47,12,0.07,26.6,0.3135,2.62,5,60.66,50.72,0.2613,282,0.5919,1
29,5860.27,0.0633,638,34878.66,9.42,1,0,58587.8,8,0.03,57.85,0.8425,20.06,8,62.78,86.48,0.2592,273,0.9279,1
28,2318.88,0.6539,557,40067.3,3.5,4,1,51130.92,5,11.43,0.0,-0.2572,1.48,2,16.17,22.16,0.5643,50,0.0986,0
24,1644.71,0.4413,356,18349.16,0.4,5,1,10664.11,6,21.42,24.45,-0.5167,1.19,2,56.21,41.0,0.8265,59,0.1594,0
19,985.99,0.7113,389,8203.09,0.95,2,1,10832.55,3,15.76,19.66,-0.0172,9.59,3,17.45,15.53,0.6063,55,0.1357,0
47,2957.54,0.05,720,72202.73,0.05,0,0,73640.51,9,0.53,31.49,0.2787,4.98,15,97.44,69.36,0.0345,245,0.8067,1
39,6393.14,0.3396,778,23397.52,20.57,0,0,57750.93,6,2.69,119.96,-0.2714,13.02,16,92.98,78.49,0.1921,260,0.7144,1
43,6214.7,0.4164,567,16067.59,0.38,6,1,30840.78,2,15.66,6.98,0.3142,4.21,3,16.38,60.29,0.4798,67,0.377,1
50,6035.82,0.105,729,90000.0,13.92,1,0,93741.21,12,1.86,85.3,0.215,7.49,14,81.05,40.61,0.3177,280,0.9799,1
32,1126.56,0.6747,401,23124.58,0.37,1,0,21872.53,2,1.95,0.0,-0.6896,1.44,4,0.0,23.56,0.608,54,0.2742,1
40,8011.21,0.3583,641,21034.46,5.01,1,0,27819.72,12,1.87,46.72,0.1824,28.26,11,64.76,82.31,0.1406,240,0.79,1
37,6025.01,0.1298,660,23814.39,2.03,0,0,40267.56,6,2.03,113.33,0.0425,13.39,6,60.88,65.44,0.1893,258,0.8879,1
34,10928.59,0.0661,676,15332.56,0.58,2,0,24346.72,10,0.34,85.07,0.6023,9.63,12,58.15,100.0,0.2538,254,0.8045,1
44,10492.69,0.161,749,27027.4,1.67,1,0,54696.38,11,2.05,65.55,0.3084,25.3,15,100.0,94.23,0.1059,224,0.7447,1
55,9828.5,0.3054,637,18183.88,1.81,1,0,36495.73,6,1.0,89.74,0.4304,17.66,8,68.14,74.91,0.1018,234,0.2929,1
31,1410.04,0.4847,668,16456.26,0.72,2,0,18906.55,2,24.48,22.34,-0.1764,1.83,2,22.72,1.77,0.5647,60,0.2037,0
26,3023.51,0.4523,372,33119.21,0.54,2,0,26629.79,3,22.52,35.09,-0.3284,2.5,3,11.49,39.51,0.3565,61,0.3708,0
55,6973.59,0.2265,644,7068.57,24.0,2,0,18718.57,5,0.23,52.73,-0.2943,12.69,13,65.79,56.01,0.3829,273,0.6689,1
38,2861.23,0.3669,690,25711.54,9.75,0,0,20850.74,12,1.4,85.05,0.3233,18.1,10,46.32,100.0,0.2233,241,0.9582,1
65,7225.81,0.3226,779,15933.41,6.09,2,0,25257.97,9,2.69,122.53,-0.1466,12.37,10,49.9,65.55,0.1477,275,0.6897,1
40,2680.73,0.0751,720,18388.05,0.23,2,0,40965.14,5,1.28,103.45,0.3435,12.56,12,53.36,100.0,0.1062,302,0.9718,1
42,9582.83,0.1359,715,6535.07,29.77,1,0,6777.11,7,0.85,78.25,0.1624,7.11,9,89.58,88.68,0.2225,250,0.8841,1
48,9743.36,0.2585,674,46170.28,12.91,3,0,170496.31,8,1.83,70.24,0.0906,8.74,12,40.87,48.32,0.1032,247,0.9055,1
42,6120.21,0.1722,808,18647.74,6.52,0,0,15505.98,9,1.57,58.6,0.6494,13.43,10,47.38,56.78,0.1036,263,0.9557,1
45,3866.16,0.05,696,11124.38,2.8,1,0,33927.75,8,0.37,63.35,0.2414,14.02,7,29.92,74.84,0.3164,265,0.771,1
37,2046.95,0.9072,516,22381.77,0.98,4,1,36931.79,2,12.37,16.89,-0.4977,1.29,0,8.27,15.71,0.8236,51,0.2475,0
61,19065.38,0.35,706,15303.48,0.45,0,0,39588.75,4,0.17,100.52,0.4016,5.52,15,72.81,66.55,0.2663,258,0.4111,1
44,14748.06,0.1379,631,50990.36,3.58,1,0,209846.71,8,0.51,82.36,0.5314,17.8,8,66.17,100.0,0.3417,296,0.6995,1
20,3842.04,0.3742,744,14990.12,8.46,2,0,23447.06,9,2.6,44.69,0.095,15.67,11,50.55,73.56,0.4289,253,0.6963,1
39,13657.56,0.3664,801,13497.94,3.4,1,0,29285.32,10,1.09,114.4,0.5365,4.89,12,57.5,95.92,0.2522,270,0.957,1
39,7144.18,0.4426,506,24907.14,12.36,1,0,28254.29,13,0.23,123.16,-0.0991,9.3,8,37.8,84.99,0.2098,274,0.8927,1
37,1946.36,0.5543,579,21727.8,4.26,4,1,48160.53,2,18.56,0.0,-0.4722,2.2,4,0.0,27.64,0.5131,53,0.202,0
41,8145.78,0.0799,650,10750.52,7.48,0,0,9698.28,6,0.04,53.55,0.3864,19.42,10,65.48,68.36,0.103,249,0.7864,1
30,2085.43,0.6745,425,32506.02,0.15,3,0,21755.77,2,9.42,2.14,-0.3429,2.25,3,4.47,21.03,0.389,58,0.06,0
29,6274.84,0.05,666,19804.02,22.31,1,0,36827.02,9,6.8,89.97,-0.0531,14.11,14,95.09,53.83,0.3182,278,0.9292,1
35,2096.97,0.396,580,11441.54,4.08,1,0,29670.07,9,2.47,75.49,0.5217,23.43,5,72.72,74.3,0.0617,244,0.7561,1
39,7888.54,0.0851,662,22606.9,0.92,2,0,54113.85,7,0.99,73.51,0.1624,12.09,16,62.83,89.05,0.1493,267,0.4387,1
57,6270.83,0.4896,723,29249.24,8.39,1,0,50725.03,1,0.1,64.53,0.5193,14.95,11,54.71,89.84,0.2559,282,0.6877,1
44,5916.94,0.227,783,35174.5,2.18,1,0,116389.33,9,0.4,37.05,0.701,16.53,5,64.54,90.48,0.0628,265,0.8864,1
27,6999.62,0.1367,677,7126.94,7.6,1,0,13359.02,11,0.48,121.47,0.5388,12.98,9,64.88,92.81,0.0417,257,0.7176,1
58,4356.51,0.1605,604,28022.24,7.04,3,0,57473.38,7,2.06,74.6,0.0572,24.63,14,73.61,88.59,0.1046,266,0.4972,1
24,1500.41,0.4802,521,16237.99,4.26,7,0,33983.5,1,44.99,14.58,-0.4733,2.78,4,22.23,33.07,0.1815,59,0.1723,0
47,6558.01,0.0556,561,39313.9,0.74,2,0,50759.3,7,0.39,110.06,0.8731,11.82,9,47.29,73.87,0.1482,255,0.8572,1
23,1636.48,0.3141,547,18037.03,3.85,6,0,9313.0,3,2.61,37.02,-0.2635,4.69,1,0.0,3.61,0.2936,57,0.1802,0
52,3365.0,0.05,738,24311.05,11.88,5,0,65668.73,10,1.63,88.6,-0.0978,10.17,15,85.91,69.9,0.5506,279,0.8876,1
57,6596.16,0.05,733,12529.29,17.79,1,0,13244.13,9,0.72,115.45,0.2938,9.28,13,63.91,76.5,0.2703,260,0.7333,1
40,2631.2,0.1757,664,11137.42,24.32,1,0,14085.58,7,0.29,53.4,0.2946,15.88,14,53.03,89.33,0.0583,264,0.7876,1
26,1517.92,0.4151,451,13094.89,0.75,3,0,18350.39,3,4.74,0.11,-0.6706,1.53,5,28.54,15.71,0.4589,73,0.2272,1
51,7077.05,0.117,597,9092.86,9.25,3,0,13404.22,8,0.15,96.52,-0.0644,8.52,8,82.44,50.29,0.1074,222,0.6228,1
53,3193.07,0.2097,585,38966.13,5.7,2,0,33210.9,6,1.0,61.46,0.3636,11.64,11,64.65,88.28,0.1477,260,0.8018,1
33,21389.82,0.5009,660,19162.44,1.88,0,0,61618.02,4,0.65,67.19,-0.132,44.35,12,83.31,65.56,0.2125,259,0.7861,1
30,4282.2,0.1557,850,33102.54,19.79,0,0,62417.62,7,0.69,64.46,0.3816,25.16,12,58.41,96.04,0.0971,284,0.7592,1
44,5640.82,0.1166,547,20987.31,15.79,0,0,44784.78,3,1.22,81.02,0.0907,6.04,20,87.53,54.27,0.2118,261,0.678,1
38,6505.79,0.2003,720,43464.19,1.64,0,0,74792.99,8,3.43,49.61,-0.0098,13.58,7,59.73,99.51,0.4481,253,0.8063,1
19,1586.22,0.4311,453,23867.83,0.54,1,0,32277.33,2,15.03,41.36,-0.7966,1.41,1,8.95,13.01,0.4538,52,0.1367,0
56,6212.92,0.3531,695,15130.93,0.96,0,0,17482.27,8,0.1,95.33,-0.2182,24.2,11,100.0,63.63,0.2046,249,0.8412,0
44,8701.25,0.1217,659,16819.35,13.71,1,0,22399.88,10,0.35,48.53,0.5333,8.53,14,87.39,69.5,0.0525,232,0.5172,1
34,6954.86,0.0813,729,10297.32,0.7,0,0,49813.24,7,0.35,42.23,0.2499,11.87,11,77.9,79.0,0.1335,298,0.8302,1
50,19344.21,0.3874,669,22061.71,1.39,1,0,83142.12,5,0.2,90.95,0.439,7.87,18,100.0,72.89,0.0686,272,0.5587,1
21,4100.68,0.6359,549,16720.77,2.37,3,0,20037.22,2,7.52,20.29,-0.0639,2.15,4,17.77,0.0,0.4317,48,0.0226,0
36,4670.75,0.0951,673,11960.34,9.9,0,0,13323.04,5,5.53,71.41,0.013,21.7,14,68.59,100.0,0.2447,247,0.6703,1
33,6767.49,0.275,579,21714.93,4.05,3,0,42452.95,15,5.05,107.54,-0.3576,13.95,14,96.23,81.17,0.0358,266,0.9308,1
51,2274.08,0.4645,682,23104.99,22.31,0,0,60605.07,5,2.72,65.08,0.3539,34.67,10,60.01,80.63,0.2913,264,0.6645,1
19,2300.63,0.5981,564,28705.57,0.98,1,1,21819.1,1,0.82,35.56,-0.2336,5.53,3,40.22,21.73,0.4122,60,0.1053,0
40,7012.91,0.5522,579,41539.66,0.28,0,0,58872.43,8,1.82,45.37,0.635,3.49,11,71.84,93.81,0.2826,250,0.7374,1
41,4482.12,0.121,690,33832.82,6.31,0,0,95584.0,8,0.52,91.16,-0.1242,6.29,14,76.15,55.77,0.2024,251,0.8762,1
48,4687.18,0.4855,726,16142.37,27.74,0,0,41703.88,8,1.66,98.7,0.3022,8.25,14,79.58,64.4,0.135,255,0.5002,1
45,12352.95,0.1629,722,28023.73,17.05,2,0,64233.82,10,0.13,98.51,0.2891,5.79,8,71.46,64.39,0.256,262,0.7647,1
34,531.47,0.516,572,21151.81,2.23,3,2,10676.25,2,20.56,0.0,-0.7383,3.56,0,0.0,24.67,0.5316,58,0.1601,1
41,6269.68,0.3517,642,38408.09,8.55,1,0,136666.54,12,0.11,90.54,0.3296,17.76,18,75.26,55.22,0.282,245,0.4023,1
44,6513.57,0.0578,625,33871.96,0.79,2,0,53843.48,13,1.37,74.39,-0.1879,3.81,15,83.46,95.21,0.2605,258,0.8494,1
33,5338.64,0.4325,401,12270.38,2.34,2,0,11744.52,7,8.17,0.0,-0.7227,7.29,1,25.68,4.09,0.4883,53,0.1377,0
37,5649.04,0.1362,792,36810.38,4.35,1,0,39629.52,7,1.7,116.26,0.5521,29.85,12,53.44,59.69,0.2571,251,0.8275,1
45,8384.22,0.2435,628,21971.02,0.69,1,0,34280.82,9,2.0,62.05,0.4505,5.11,9,67.56,78.1,0.0435,261,0.6614,1
52,8326.4,0.0718,658,17988.62,6.87,0,0,46845.36,11,0.38,77.98,0.6998,15.65,11,52.19,76.7,0.2772,273,0.7674,1
42,5444.1,0.1962,694,26908.14,10.96,1,0,35329.08,5,0.83,49.75,-0.2617,25.29,10,54.17,80.03,0.3144,248,0.6479,1
43,2675.82,0.0737,643,26438.87,15.06,2,0,26827.17,10,1.3,35.49,-0.0366,14.81,12,55.54,59.94,0.1536,298,0.8458,1
45,4285.64,0.4053,655,10629.1,24.3,2,0,7140.67,8,2.92,53.58,0.4478,19.94,9,100.0,58.79,0.2002,282,0.6804,1
33,1288.36,0.7188,500,29731.56,1.6,6,2,41846.37,1,7.44,6.68,-0.2927,3.73,1,28.03,64.78,0.7782,53,0.1688,0
43,3976.82,0.4034,681,41575.43,1.82,2,0,58427.67,8,0.05,57.34,0.3573,18.75,6,58.34,62.8,0.425,258,0.7812,1
32,22626.17,0.1513,533,16001.97,31.86,0,0,19508.04,10,0.09,110.19,-0.0223,7.28,10,46.7,61.04,0.1377,268,0.904,1
44,4058.71,0.1138,719,77004.48,3.93,3,0,109831.15,15,1.28,51.5,0.1218,13.64,10,58.39,48.72,0.1378,251,0.758,1
30,6161.01,0.3386,637,68668.56,3.1,1,0,107285.16,10,0.29,72.88,0.189,6.28,14,60.27,75.27,0.2795,282,0.8677,1
51,6415.09,0.2099,602,28767.18,10.31,1,0,43696.62,9,1.98,78.3,-0.229,5.09,9,62.22,88.84,0.1568,261,0.797,1
48,4758.03,0.2594,645,24018.96,4.53,0,0,51277.97,13,0.15,125.52,0.0785,12.72,12,67.3,87.59,0.1269,256,0.6791,1
32,2575.12,0.5777,577,15859.96,0.77,4,1,19628.05,2,45.0,18.0,-0.4477,13.82,1,26.29,28.88,0.7423,42,0.1007,0
18,2194.87,0.8228,468,33868.37,0.32,1,0,39522.16,1,11.33,12.09,-0.3402,1.71,4,9.44,29.23,0.3738,47,0.2538,0
54,3672.97,0.05,794,15861.42,5.94,1,0,34041.3,10,0.49,119.07,0.7551,17.81,14,49.23,54.47,0.148,310,0.8151,1
27,2497.75,0.5927,611,22091.63,2.16,3,0,16262.39,1,9.35,23.34,-0.8213,3.78,2,7.02,58.68,0.4791,47,0.3767,1
32,802.26,0.8598,520,18140.67,0.64,0,1,10404.64,4,9.87,0.0,-0.5986,2.83,2,41.71,16.39,0.5734,54,0.0971,0
46,8901.42,0.1598,679,43745.3,15.88,2,0,40605.89,10,1.13,73.57,0.2399,10.59,15,74.07,93.33,0.0873,224,0.8672,1
43,11584.16,0.3358,683,15939.92,2.38,1,0,20641.62,10,0.47,102.23,0.3923,13.85,22,74.77,86.22,0.2226,268,0.8083,1
47,25000.0,0.5707,654,28824.7,1.36,1,1,41553.66,10,2.28,62.5,0.5006,60.0,12,67.17,80.31,0.1266,246,0.914,1
44,6575.15,0.1845,720,9758.3,33.31,2,0,25141.97,7,0.07,85.01,0.3636,4.4,16,74.19,83.26,0.1825,250,0.5292,1
44,8994.87,0.1205,637,11015.26,30.51,4,0,23971.15,13,3.52,97.96,0.1077,10.08,12,47.5,71.94,0.1465,231,0.8955,1
50,2194.14,0.1655,658,17984.19,5.77,3,1,53607.42,8,0.49,76.13,0.2807,35.12,14,93.89,51.88,0.1001,251,0.2507,1
33,4456.56,0.885,426,18821.97,0.47,6,0,22775.37,1,5.66,13.15,0.0712,2.32,2,13.61,35.61,0.5654,56,0.0459,1
42,2051.8,0.3069,433,49201.18,3.78,4,0,35827.89,4,7.49,46.45,-0.4648,1.75,2,29.55,32.05,0.1498,60,0.1228,0
48,5660.12,0.1346,754,32341.19,27.04,2,0,31019.75,9,1.94,104.76,-0.0258,20.67,9,67.92,69.6,0.2585,260,0.7358,1
42,5283.64,0.1823,623,27009.38,18.07,5,0,96412.49,7,0.57,90.16,-0.0528,16.08,19,59.06,68.15,0.3169,247,0.9738,1
43,1963.52,0.145,704,17659.61,16.36,1,0,26652.54,11,1.39,97.27,0.1408,22.81,15,81.49,70.46,0.1485,269,0.6908,0
31,3806.54,0.6701,418,20495.41,0.87,3,0,26099.89,1,19.76,19.64,0.0144,6.29,3,14.33,31.67,0.4148,50,0.2677,0
49,11017.65,0.0888,810,64770.66,2.25,0,0,100343.33,10,0.2,91.1,0.7954,7.33,17,77.17,65.17,0.2786,296,0.8535,1
50,8515.56,0.0504,578,10969.25,10.08,0,0,11629.47,8,0.5,96.34,0.359,16.12,12,85.61,47.11,0.0828,241,0.6103,1
61,2919.88,0.05,707,33492.9,28.0,1,0,68553.48,15,0.16,92.35,0.3071,7.73,11,58.79,57.06,0.1334,266,0.9085,1
54,7502.61,0.2289,693,30998.91,4.52,0,0,50424.72,4,1.1,77.1,0.1755,8.79,10,75.66,69.75,0.3668,256,0.7089,1
29,3641.59,0.0788,850,20277.92,12.43,1,0,28520.03,15,0.17,90.13,0.3487,44.2,9,69.66,57.92,0.3163,269,0.6398,1
24,2996.45,0.6725,478,15087.21,1.48,5,0,59842.93,3,12.17,37.65,-0.4403,3.78,5,10.18,27.82,0.6447,51,0.111,0
26,2948.56,0.8366,489,15769.45,1.34,3,2,14371.75,2,45.0,21.5,-0.3055,1.66,3,17.49,41.71,0.3767,48,0.2764,1
37,1733.47,0.5522,644,26793.16,0.26,1,0,36579.69,3,2.3,49.57,-0.0779,1.9,4,22.02,39.49,0.657,48,0.2908,0
52,4438.21,0.0592,634,30789.91,33.79,1,0,24759.31,10,0.21,95.17,0.0833,15.0,19,37.19,68.38,0.3378,273,0.9153,1
35,3678.79,0.259,730,10667.09,5.39,0,0,15786.82,10,0.92,91.01,0.4952,13.58,13,63.37,82.9,0.4118,253,0.4842,1
45,3448.15,0.0649,762,30505.6,0.37,0,0,55666.82,7,1.96,139.97,0.3898,14.34,14,51.8,99.83,0.3014,276,0.8038,1
40,3556.12,0.1163,759,10151.72,3.46,1,0,18138.04,4,1.28,60.92,-0.1535,4.6,14,65.0,84.27,0.3426,268,0.9249,1
18,3911.87,0.1325,637,23985.9,6.78,0,0,44795.2,10,1.52,68.37,0.4653,15.89,6,63.49,85.89,0.1834,229,0.6714,1
42,5958.97,0.0697,704,22433.3,6.75,2,0,23694.59,7,1.46,106.82,1.0,20.55,10,37.69,100.0,0.2807,255,0.9417,1
46,3062.32,0.2117,743,19576.09,28.46,1,0,14687.43,14,0.13,78.22,0.2187,20.88,5,75.69,78.13,0.3754,234,0.8153,1
20,2384.17,0.5836,383,11105.27,0.01,6,3,8819.06,3,45.0,8.24,-0.2498,7.14,5,23.59,15.8,0.4763,50,0.1978,1
47,12212.19,0.05,692,27460.89,2.84,0,0,44976.09,13,0.84,96.27,0.3954,10.44,9,79.89,100.0,0.0963,273,0.9241,1
29,4609.94,0.05,627,33405.4,0.36,0,0,65102.12,8,0.88,80.25,0.0804,8.97,10,55.87,53.29,0.1712,283,0.6645,1
27,6379.47,0.3113,698,7938.06,12.58,1,0,27692.28,5,1.02,117.18,0.5467,9.84,11,51.24,46.27,0.0548,267,0.6968,0
45,8588.38,0.3153,494,65895.08,14.6,2,1,147066.65,6,6.01,78.28,0.3718,6.18,14,36.35,87.35,0.5241,273,0.8035,1
44,7909.55,0.2826,786,21565.84,0.04,0,0,20189.77,3,2.54,84.74,0.3254,13.09,13,69.35,91.28,0.3648,255,0.8232,1
47,7479.91,0.198,752,27513.42,7.52,4,0,33002.87,14,0.32,84.62,0.2953,6.19,11,83.63,86.62,0.3033,234,0.7973,1
32,2579.77,0.7917,325,24844.13,3.11,1,0,36934.79,3,8.16,0.0,-0.4329,3.26,3,0.0,0.45,0.6356,58,0.1143,0
34,4253.34,0.2054,605,34366.54,15.31,1,0,104377.91,10,0.07,91.51,0.5991,9.07,22,82.12,71.62,0.0947,255,0.7913,0
52,1474.17,0.566,464,18280.38,1.72,3,1,17675.74,1,4.93,0.0,-0.5421,6.87,4,6.67,18.72,0.562,63,0.0685,0
39,4621.96,0.3924,613,9053.43,9.04,2,0,15243.4,6,1.93,62.74,0.0263,1.39,13,81.08,77.86,0.2094,262,0.8459,1
48,10555.13,0.05,824,14368.03,8.87,2,0,37311.91,4,0.24,61.02,0.1083,7.01,18,72.08,70.89,0.052,260,0.6328,0
49,6281.7,0.2181,680,21495.78,27.87,0,0,25853.23,16,0.01,102.05,0.1881,14.65,17,44.13,94.31,0.0962,250,0.7521,1
40,7444.89,0.0752,744,39999.46,11.07,1,0,63287.13,10,1.22,54.36,0.1405,10.11,13,30.05,50.85,0.0504,259,0.5966,1
44,7045.38,0.0709,710,28314.16,1.86,2,0,58006.23,9,0.25,65.04,0.0986,15.75,16,60.86,86.15,0.3124,253,0.5639,1
53,11243.58,0.2229,721,31100.22,3.76,1,1,100920.82,10,1.07,67.93,0.3167,6.6,18,57.21,89.5,0.1429,264,0.6165,1
44,8443.15,0.2169,514,8977.13,4.98,0,0,22256.1,7,0.14,71.36,0.4935,15.19,10,68.97,89.16,0.5782,264,0.8119,1
60,6586.29,0.0951,662,21910.51,14.65,0,0,64664.69,8,0.61,69.24,0.47,6.82,9,83.58,76.78,0.3871,260,0.8979,1
49,3610.34,0.1609,711,28902.11,3.89,0,0,99030.42,7,0.02,119.49,0.1794,23.92,17,70.43,38.42,0.066,244,0.6149,1
58,4227.69,0.2158,850,16669.89,27.02,1,0,22096.27,7,0.76,58.9,0.4073,5.96,8,54.77,76.08,0.2531,269,0.9329,1
42,6469.82,0.3953,671,28757.75,15.67,0,1,38435.35,14,7.1,86.73,0.1336,29.68,10,81.95,71.22,0.3422,264,0.7482,1
33,3075.02,0.5856,357,16271.05,1.96,4,5,27560.72,1,7.94,17.7,0.009,3.08,2,15.94,38.85,0.5149,49,0.2815,0
63,6116.6,0.2651,729,42090.37,0.44,0,0,67565.49,13,0.47,73.49,0.4586,17.25,12,69.99,91.4,0.1698,243,0.9415,1
34,4613.25,0.3626,650,12581.18,7.68,3,0,22646.18,2,2.4,70.43,0.6144,11.5,14,65.4,45.73,0.2411,260,0.885,1
45,5993.09,0.4405,795,34110.82,2.65,4,0,77046.85,14,0.51,62.2,0.2536,8.07,14,52.27,80.46,0.3032,251,0.8153,1
41,4329.3,0.093,701,25847.36,11.97,0,0,21356.28,8,3.31,72.16,0.2357,22.8,10,46.01,65.52,0.1673,264,0.6862,1
45,2542.8,0.05,659,11811.2,11.02,1,0,17014.89,8,3.19,94.75,-0.0642,4.91,13,92.46,75.45,0.1431,276,0.588,1
51,4599.41,0.2909,682,14411.92,15.22,0,0,26708.45,6,1.79,108.02,-0.1016,60.0,11,81.16,91.91,0.0415,281,0.9043,1
37,2782.35,0.5833,468,37047.36,0.27,4,0,47436.36,3,11.68,56.41,-0.7877,4.82,1,10.49,33.66,0.494,60,0.2888,0
45,4452.77,0.2017,635,12630.97,0.16,1,0,37975.81,8,0.39,56.26,-0.1957,10.44,11,63.77,84.36,0.4518,279,0.8254,1
56,9214.79,0.294,617,18461.45,12.26,0,0,72261.13,5,0.34,64.13,0.019,25.69,10,79.26,74.18,0.1,260,0.8551,1
45,1483.94,0.5814,732,14028.43,18.76,2,0,10694.4,8,0.94,64.47,0.3934,11.0,18,75.7,64.92,0.3842,241,0.953,1
45,6957.65,0.05,628,19066.17,21.19,1,0,52244.66,10,1.57,96.61,0.4737,51.11,13,70.95,74.75,0.0813,258,0.5726,1
36,4602.31,0.3574,778,10429.58,0.26,3,0,12135.35,14,0.91,75.28,0.6267,14.09,12,59.36,67.28,0.0694,252,0.9062,1
42,8438.16,0.1719,656,31461.28,9.75,1,0,105502.08,8,1.04,72.32,-0.0854,13.92,11,90.88,100.0,0.4176,269,0.8375,1
50,3316.8,0.37,569,35028.6,1.19,3,2,32756.86,2,4.61,23.02,-0.7388,4.63,1,18.54,43.68,0.6579,49,0.0895,0
32,4991.22,0.1255,629,8662.65,2.51,0,0,22838.03,6,0.54,76.35,0.0035,8.75,12,63.85,100.0,0.2197,261,0.6683,1
32,3381.98,0.4459,578,22060.04,1.01,5,1,19341.46,4,45.0,0.0,-0.3857,4.72,4,10.46,2.39,0.6925,57,0.3871,0
29,6977.0,0.05,616,29790.91,6.09,3,0,106116.67,7,1.49,103.8,0.3037,17.66,14,87.13,64.2,0.1129,262,0.4754,1
46,10983.34,0.221,776,16215.53,21.52,2,0,21610.37,12,1.99,84.4,0.4044,18.74,11,71.64,73.43,0.0748,286,0.7244,1
50,11638.72,0.1587,713,36405.14,18.54,0,0,82706.24,10,0.43,110.2,0.0601,15.38,13,76.18,62.49,0.1819,264,0.9216,1
23,3551.81,0.92,504,16715.15,1.81,6,2,13398.1,1,16.14,20.78,0.0978,1.5,2,28.55,24.14,0.4985,52,0.4828,0
31,2725.76,0.7213,500,53304.3,5.05,3,0,93610.07,2,29.98,0.0,-0.2145,1.72,3,34.49,32.73,0.6253,55,0.1089,1
40,22366.23,0.1641,826,28946.35,0.37,1,1,54068.51,3,1.32,105.27,0.4848,29.08,7,87.05,80.77,0.0557,266,0.959,1
26,11292.87,0.3494,843,23804.34,1.82,0,0,28515.6,5,0.16,29.62,0.3244,10.63,11,99.02,100.0,0.0832,269,0.893,1
30,3315.72,0.5355,484,13050.01,0.22,1,2,16513.44,1,2.73,0.0,-0.4154,0.71,2,18.42,33.4,0.3259,64,0.3136,0
28,7245.8,0.218,635,17495.81,14.86,0,0,28270.73,4,5.19,74.38,0.0331,28.9,11,76.13,88.24,0.2385,258,0.4547,1
33,6346.73,0.1289,850,13518.13,15.06,0,0,11744.2,10,0.15,105.96,0.2178,10.76,11,33.83,93.69,0.1006,258,0.594,1
28,1635.81,0.3447,392,54885.52,0.95,6,0,112625.41,3,7.07,0.0,-0.4688,2.57,0,0.0,7.72,0.5771,45,0.1562,0
44,8980.31,0.243,564,46131.76,16.63,1,0,217789.19,7,0.14,75.33,0.3048,18.43,12,46.71,62.46,0.5124,248,0.7866,1
49,8442.55,0.6877,631,21022.94,10.41,1,0,81640.8,9,3.75,82.16,0.096,9.61,11,62.8,80.84,0.0577,273,0.8153,1
42,5922.89,0.2216,676,6436.77,12.12,2,0,14533.95,8,1.11,84.83,0.362,5.08,9,87.51,84.41,0.0885,264,0.8081,1
38,2723.44,0.0806,640,17723.25,8.06,3,0,20174.57,11,0.1,95.2,0.3046,19.97,10,64.99,84.39,0.1691,262,0.8042,1
26,12505.1,0.05,731,19827.42,0.98,0,0,14472.17,7,1.14,58.66,0.4929,26.41,12,75.1,50.93,0.076,235,0.8278,1
52,8980.63,0.158,676,23979.93,0.51,1,0,15565.44,7,2.31,63.74,0.3626,21.17,9,67.85,87.05,0.2904,247,0.8268,1
37,11522.23,0.3108,809,35248.73,31.22,1,0,50373.3,6,0.24,53.54,0.7789,13.0,13,99.28,72.65,0.0898,262,0.7051,1
37,21304.41,0.3711,761,10030.58,5.96,3,0,18847.23,9,2.84,64.77,0.2531,19.71,8,36.57,89.0,0.2178,255,0.5879,1
35,2824.24,0.05,625,23570.68,7.16,1,0,65095.0,7,4.99,81.99,0.4797,8.64,8,69.96,59.28,0.1179,267,0.7987,1
49,3816.5,0.1502,659,27528.41,19.58,2,0,49275.79,6,1.4,56.4,0.1348,60.0,15,30.74,77.09,0.3121,277,0.5448,1
37,4082.37,0.2627,625,24027.68,4.27,0,0,62143.92,10,1.66,50.49,-0.0533,12.49,11,66.81,92.98,0.1313,287,0.7977,1
33,8365.91,0.149,717,29154.97,15.95,1,0,65615.63,4,0.45,107.55,0.3327,7.72,14,54.62,88.34,0.1296,256,0.7761,1
44,5949.53,0.42,677,18735.19,6.64,2,1,39607.36,12,0.43,30.83,-0.1839,7.94,8,65.28,32.14,0.3749,256,0.6445,1
51,4513.7,0.0845,685,41195.3,0.86,0,0,93405.45,9,0.48,40.35,0.4323,7.26,8,70.25,62.5,0.2575,235,0.9507,1
50,3931.37,0.1721,686,19724.28,1.93,0,0,20641.62,8,1.36,87.93,-0.3664,6.95,8,78.01,80.37,0.2448,250,0.8836,1
25,2357.53,0.364,496,51836.73,2.7,4,1,55685.54,1,28.77,0.0,-0.2916,8.98,0,26.43,22.02,0.3084,48,0.1643,0
32,2903.14,0.5737,382,42791.6,0.13,1,0,45802.63,2,42.09,23.59,0.171,3.63,1,1.26,48.55,0.2782,39,0.4925,0
48,5323.3,0.2623,735,48773.76,3.17,1,0,91888.72,6,0.41,103.64,0.1913,9.02,14,82.31,81.42,0.1981,241,0.621,1
36,2506.93,0.1376,661,13664.62,10.35,0,0,11522.75,8,2.31,94.79,0.4079,24.41,9,84.48,98.45,0.3108,267,0.6937,1
47,2247.45,0.2063,836,12011.62,3.28,0,0,13891.81,7,0.84,56.46,0.8645,9.37,12,100.0,56.31,0.1544,249,0.4575,1
45,7986.56,0.077,683,25629.03,12.6,0,1,30003.42,10,0.36,96.28,0.3349,37.16,11,82.01,75.89,0.0259,278,0.5133,1
52,2415.65,0.2139,675,43188.8,4.88,1,0,86581.9,13,0.69,81.34,0.4814,22.64,13,73.43,55.73,0.1518,251,0.9316,1
29,2914.78,0.1289,728,31895.19,6.21,0,0,45891.08,10,3.5,87.66,0.8463,13.97,11,68.27,78.62,0.1378,267,0.8847,1
51,5378.68,0.1907,587,16707.69,20.92,2,1,59144.5,8,1.78,77.94,0.8284,6.53,14,67.46,83.02,0.2722,257,0.9257,1
58,7923.16,0.0697,687,29977.34,5.43,1,0,48240.28,7,2.15,61.01,0.4573,20.15,10,98.94,70.26,0.0898,256,0.7129,1
45,6826.85,0.0649,717,20477.41,20.51,3,0,64605.03,4,2.68,101.66,0.1464,25.84,13,72.29,75.52,0.3439,231,0.833,1
37,2470.18,0.7551,420,12113.29,2.84,1,0,7104.06,1,11.69,58.41,-0.633,3.08,5,13.75,0.0,0.6144,58,0.3534,0
52,4622.14,0.1296,664,19483.95,0.49,1,0,58764.09,5,8.73,100.96,0.6318,9.17,14,49.8,67.77,0.0237,263,0.67,1
44,8059.45,0.05,796,12515.71,9.97,0,0,46027.24,8,1.55,67.06,0.106,13.57,13,48.28,100.0,0.1267,290,0.6956,1
28,9374.61,0.144,678,29029.34,7.99,1,0,97894.78,13,0.1,87.67,0.553,16.85,16,39.05,73.42,0.1577,255,0.9004,1
38,5131.41,0.2177,664,22368.85,5.77,1,0,54094.72,8,0.28,86.35,0.8094,29.2,13,76.27,58.73,0.2173,245,0.6575,1
18,2704.01,0.6496,313,8946.43,1.23,1,0,7131.7,1,14.63,20.77,-0.4226,4.17,5,1.12,27.73,0.37,56,0.2692,0
29,4379.59,0.3227,667,14148.12,9.49,2,0,23173.45,10,0.5,80.15,0.0562,7.73,5,59.26,68.17,0.2083,276,0.6388,1
38,4026.81,0.05,691,37366.49,6.34,2,0,51447.99,11,0.72,52.06,1.0,5.77,13,49.35,89.41,0.292,240,0.7713,1
43,10304.75,0.443,628,32106.77,17.26,0,0,107869.42,9,0.18,90.38,0.2819,27.61,17,39.06,61.64,0.0409,237,0.9547,1
22,2863.14,0.2696,515,19840.65,2.88,4,2,10442.28,1,25.58,2.7,-0.4462,4.8,1,62.08,33.04,0.7863,57,0.0603,0
54,4470.59,0.3693,719,11396.94,5.47,2,0,20014.95,8,0.27,80.47,0.378,7.82,12,66.31,77.66,0.2905,271,0.7771,1
42,2310.6,0.0769,635,16024.46,12.28,1,0,26307.25,6,0.59,114.33,0.4649,11.97,17,73.12,74.26,0.2962,277,0.5729,1
26,8170.6,0.2035,697,25480.97,28.65,1,0,10111.53,8,0.29,89.69,0.0501,25.26,8,64.94,77.83,0.2429,253,0.7785,1
52,8619.58,0.164,677,12288.21,3.09,0,0,37422.81,10,2.31,72.18,0.3814,6.41,9,100.0,46.62,0.3072,283,0.9345,1
42,6950.2,0.0511,710,25266.49,11.54,1,0,52552.45,16,0.08,81.05,0.3428,10.64,14,76.16,62.35,0.1297,273,0.8981,1
30,6796.27,0.4135,648,9146.31,5.19,3,0,10533.77,7,0.1,89.27,0.594,4.55,12,63.32,67.93,0.1611,270,0.8391,1
41,9072.97,0.3516,729,8319.27,9.04,1,0,38013.59,15,2.14,58.26,0.1218,20.95,13,71.32,58.1,0.2265,271,0.7271,1
51,3697.55,0.2446,756,12707.26,12.59,2,0,29719.49,9,0.7,46.04,0.1268,10.63,12,85.45,63.69,0.2805,262,0.905,1
31,8718.4,0.2424,632,12839.26,8.97,2,0,33546.65,8,0.12,65.03,0.4357,20.73,13,80.74,97.67,0.0601,240,0.5807,1
40,5831.83,0.2317,560,15074.62,4.85,1,0,29413.12,3,1.69,55.48,0.3711,9.43,7,72.96,67.29,0.201,274,0.7908,1
40,5052.66,0.2393,747,15810.89,7.09,1,0,24488.03,12,0.2,110.9,0.4205,36.64,11,100.0,64.99,0.1439,245,0.9595,1
31,5748.18,0.0898,797,19974.33,0.29,1,1,47273.62,6,2.12,62.7,0.2978,47.08,12,52.89,57.61,0.1459,259,0.5872,1
51,7161.7,0.2415,768,25216.57,5.08,1,0,37509.8,6,1.24,85.64,0.1075,60.0,19,46.9,62.94,0.0583,257,0.8244,1
54,3631.9,0.1958,667,43145.9,1.61,1,0,73877.75,12,1.07,74.64,0.5132,15.99,15,53.32,84.71,0.0996,256,0.8668,1
49,5681.29,0.1289,640,45061.99,12.37,1,0,137079.4,1,0.22,105.91,0.6662,26.75,17,100.0,81.74,0.226,246,0.7067,1
38,2150.73,0.1778,666,16791.04,4.73,2,0,32068.18,9,2.62,103.42,0.4138,8.21,12,51.09,100.0,0.3123,264,0.8621,1
52,6699.72,0.1651,689,26690.96,40.0,0,0,56018.22,6,0.73,59.78,0.7893,19.03,9,56.4,95.58,0.1866,268,0.4871,1
49,4000.69,0.1541,598,16260.89,3.24,0,0,34843.0,5,0.98,43.09,0.0907,9.77,12,52.16,91.49,0.1003,279,0.7954,1
62,10776.58,0.4756,715,14583.31,16.96,1,0,14994.39,13,1.99,101.61,0.8035,6.66,9,77.64,52.09,0.1853,267,0.6364,1
51,5663.5,0.2864,680,13611.44,8.6,1,0,34497.0,7,1.17,119.28,0.7541,13.01,7,66.58,45.4,0.1456,297,0.8969,1
50,12213.65,0.1789,639,18112.36,0.31,4,1,15424.41,12,0.14,67.78,0.4214,18.49,12,67.85,85.07,0.2014,259,0.8184,1
46,6671.3,0.0879,640,28762.08,14.55,1,0,51262.15,10,1.09,64.96,0.1883,18.95,12,65.45,72.77,0.1677,268,0.5752,1
43,13849.18,0.1818,721,22032.41,10.11,1,0,67129.04,9,2.92,94.16,0.3261,22.1,12,63.89,81.16,0.0263,255,0.6785,1
52,7310.48,0.1374,595,16426.11,34.08,0,0,28620.11,9,0.48,76.64,-0.039,26.38,13,93.39,100.0,0.1843,271,0.7443,1
18,2261.57,0.0907,394,24777.72,1.17,5,1,23694.28,1,30.43,9.35,0.0365,1.44,2,15.83,47.91,0.4188,47,0.123,1
60,6177.54,0.1471,702,38685.37,40.0,3,0,75741.12,14,0.86,35.64,-0.3016,2.66,9,79.75,64.44,0.1734,259,0.6913,1
20,1323.2,0.6717,658,20347.95,0.51,4,0,44818.86,2,2.49,0.0,-0.4361,2.47,2,2.8,49.75,0.595,59,0.0696,0
42,23314.01,0.2029,760,25525.04,26.46,3,0,59343.92,12,0.34,62.34,0.257,20.22,6,90.9,56.32,0.2225,254,0.6029,1
34,3090.2,0.0852,742,48700.76,13.08,0,0,123303.21,9,0.16,85.3,0.3458,5.87,9,70.47,82.44,0.1165,262,0.6251,1
54,4600.26,0.1507,572,16718.01,15.13,1,0,45123.67,6,0.59,118.44,0.5678,7.4,13,77.35,82.18,0.0712,252,0.7383,1
38,3247.01,0.2934,679,35719.74,2.46,1,0,59588.24,7,0.79,100.52,-0.0896,7.66,7,54.28,74.83,0.0857,263,0.5706,1
59,10212.67,0.0523,733,22872.82,8.51,0,0,28393.33,6,0.74,81.12,0.5927,9.2,13,66.47,66.88,0.3795,263,0.6179,1
24,7017.72,0.173,748,19053.09,14.04,0,0,24098.72,9,0.89,78.1,-0.1764,20.93,13,69.23,77.51,0.0139,257,0.9612,1
31,4535.1,0.3106,728,32190.41,14.04,1,0,160952.05,7,0.62,105.9,0.3643,16.52,13,46.76,86.51,0.1822,248,0.8713,1
57,4304.18,0.2656,518,18732.39,5.87,0,0,49157.11,6,5.04,61.58,0.4615,29.96,15,100.0,67.17,0.2128,263,0.8517,1
43,2857.59,0.0916,569,12314.08,15.1,0,0,16315.39,9,0.83,77.62,0.3537,31.59,15,36.55,57.11,0.1479,259,0.6614,1
50,4254.32,0.05,718,26663.71,14.28,0,0,84503.52,7,5.36,55.4,0.0187,14.0,9,64.31,44.02,0.225,256,0.7447,1
22,2293.66,0.6453,415,20260.72,2.54,2,1,15012.09,1,13.97,21.64,-0.1328,7.57,1,0.0,20.87,0.5217,53,0.1075,0
35,5479.68,0.1476,747,27296.66,1.54,1,0,59288.86,6,1.38,93.22,-0.0497,16.94,17,74.73,84.76,0.2801,258,0.7945,1
55,16318.49,0.1798,614,18562.11,17.08,2,0,18287.43,12,2.15,97.65,0.2249,14.87,12,70.28,75.09,0.0139,281,0.8402,1
44,6311.6,0.1759,686,44067.59,9.83,0,0,62874.45,10,1.96,55.11,0.4694,13.35,12,81.06,76.53,0.3317,277,0.7187,1
37,4561.49,0.3317,731,30837.45,23.56,1,0,59437.72,7,0.2,101.5,0.3363,37.88,13,29.0,83.63,0.0401,230,0.7654,1
35,1461.34,0.4945,457,19824.18,1.34,3,1,31442.89,1,12.7,39.36,0.1107,2.34,3,28.26,32.65,0.9088,59,0.1858,1
44,3187.22,0.5807,703,8903.32,2.27,1,0,30506.69,8,1.3,58.03,0.3354,15.08,10,72.73,44.48,0.0276,243,0.8625,1
31,3982.72,0.5872,544,61743.98,1.48,2,2,35446.54,1,0.06,0.0,-0.3721,2.56,3,28.04,26.49,0.3321,53,0.0579,0
41,5633.47,0.05,736,28358.85,9.03,1,0,72193.44,6,0.54,65.66,0.4483,11.93,15,57.27,77.9,0.0368,262,0.605,1
40,6213.3,0.1897,631,23188.39,23.26,1,0,53416.5,10,0.6,77.26,0.0778,13.39,11,81.77,63.73,0.1489,248,0.8406,1
20,2595.05,0.4791,517,20553.2,1.55,3,2,12163.8,1,9.24,6.45,-0.5956,1.45,3,0.0,28.59,0.5314,59,0.071,0
47,4909.89,0.1025,638,20314.04,6.94,0,0,81544.08,9,1.08,54.82,0.4335,13.28,15,60.61,85.02,0.3465,265,0.7722,1
37,7003.62,0.1867,658,9970.41,28.59,1,0,18746.99,8,1.26,108.05,0.6428,13.56,8,60.65,72.76,0.1388,251,0.8863,1
49,9649.18,0.0789,734,17923.37,1.23,0,0,39715.56,9,2.56,59.85,0.0596,26.07,14,35.24,85.48,0.1151,293,0.7867,0
43,4526.96,0.4342,750,20339.82,3.35,2,0,32688.61,13,6.37,87.41,0.3296,13.82,13,88.62,79.41,0.2041,232,0.6947,1
36,3807.31,0.0949,766,7898.86,6.98,1,0,9811.6,7,0.64,104.44,-0.1147,12.12,10,71.28,76.3,0.1714,268,0.826,1
41,4033.09,0.3816,700,12802.72,2.05,1,0,16872.18,11,2.73,62.94,0.176,22.76,9,64.22,85.9,0.3084,295,0.5238,1
43,5393.89,0.1631,683,36973.55,25.58,2,0,117536.65,6,0.71,92.67,0.0483,10.88,8,64.42,52.95,0.3235,261,0.7248,1
34,2957.33,0.2179,662,14980.44,2.84,3,0,26251.16,10,2.69,84.07,0.4681,12.61,4,56.57,71.96,0.1867,258,0.7484,1
42,8793.07,0.4814,685,9476.42,3.08,3,0,18749.38,7,0.02,62.46,0.5934,29.52,15,77.79,78.66,0.0805,254,0.4243,1
21,2280.48,0.6444,470,12029.93,1.53,7,1,16578.06,1,8.48,17.19,-0.6413,1.3,2,14.02,0.0,0.7434,56,0.2045,0
49,9372.5,0.1302,728,58049.27,4.27,2,0,69946.68,5,5.77,62.33,0.7374,9.5,16,74.69,80.33,0.1218,278,0.6665,1
53,4540.84,0.204,609,16791.89,20.25,0,0,42889.18,6,2.3,88.29,0.4545,17.09,15,82.72,76.12,0.0666,283,0.9503,1
45,13947.37,0.1213,732,20090.57,2.52,3,0,48306.21,7,0.27,65.56,0.3837,7.73,10,85.43,86.19,0.119,283,0.8815,1
31,4315.58,0.4376,665,25713.66,8.07,0,0,46699.41,5,1.69,64.55,0.2134,4.05,9,100.0,58.2,0.0947,258,0.9018,1
49,3437.98,0.414,711,25939.9,8.17,2,0,52884.7,4,1.16,110.12,-0.1733,20.19,7,88.11,67.94,0.149,240,0.7544,1
30,3825.29,0.5322,542,65023.31,0.15,2,0,107291.93,2,1.26,6.72,-0.5673,2.4,4,33.33,32.69,0.568,57,0.2454,0
38,4712.28,0.0978,576,12346.69,4.37,3,2,29937.12,4,0.71,73.05,0.3965,25.03,9,54.0,64.81,0.0631,263,0.8143,1
42,5804.26,0.3762,702,36206.77,2.45,2,0,47194.58,7,2.11,81.74,-0.1766,13.58,14,93.45,78.24,0.5261,278,0.7728,1
43,5424.81,0.1479,694,10755.99,30.55,1,0,37563.62,11,1.54,67.0,0.2972,21.95,12,53.76,72.02,0.2122,247,0.709,1
39,4265.79,0.2141,631,33981.73,30.73,3,0,100781.3,6,0.13,77.56,0.2398,11.91,9,78.54,50.36,0.1274,259,0.9243,1
20,1070.58,0.6684,493,40910.48,1.39,3,2,75758.52,1,10.38,16.19,-0.7206,2.27,4,18.24,48.46,0.3317,54,0.2462,0
38,9391.39,0.4468,753,61094.27,11.3,1,0,163281.06,9,1.33,118.76,0.1049,5.73,6,70.07,62.98,0.1036,257,0.5067,1
35,1451.19,0.8069,528,52233.64,0.16,2,2,11699.97,5,1.12,30.91,0.001,3.37,4,13.8,35.73,0.4444,65,0.3855,0
54,8219.79,0.1501,578,20904.6,2.54,1,0,24281.64,6,2.49,75.79,0.258,18.88,10,62.07,79.74,0.5044,246,0.7918,1
53,10139.99,0.0754,467,33245.62,8.87,2,0,62128.1,7,0.3,84.92,-0.0748,6.75,14,57.02,84.83,0.0966,231,0.7284,1
26,2541.46,0.6108,483,27722.12,2.36,4,1,15363.18,1,1.17,2.56,-0.024,7.01,5,24.55,37.23,0.5332,55,0.1392,0
53,5814.95,0.197,631,32414.6,6.45,0,0,30913.11,7,0.14,84.28,0.3838,6.3,14,43.21,97.89,0.0834,246,0.6527,1
27,3377.2,0.3071,508,24157.26,1.5,4,1,28578.56,3,4.54,0.0,-0.3936,3.48,4,36.95,17.99,0.58,74,0.1455,0
31,9481.8,0.2764,676,10232.29,10.45,3,0,14000.19,12,0.59,74.35,0.0016,5.2,4,51.62,75.83,0.2825,273,0.7104,1
38,16521.77,0.1146,811,20725.73,5.37,0,0,28139.23,13,2.51,93.35,0.5072,6.81,10,86.15,86.3,0.1807,249,0.7527,1
22,3940.47,0.6096,547,19719.7,0.1,4,0,33725.07,2,24.51,34.09,-0.3662,2.55,4,35.66,27.84,0.303,59,0.3672,0
44,7732.81,0.1338,580,27710.89,0.72,2,0,73133.52,7,2.74,87.2,0.3545,13.07,12,79.57,56.54,0.1195,255,0.6366,1
38,3363.57,0.2788,601,6850.21,3.03,2,0,11150.32,5,0.81,88.9,0.5016,21.17,15,77.83,99.56,0.1839,284,0.8663,1
38,3626.18,0.0606,793,14971.83,7.0,0,0,29214.27,5,0.55,101.6,0.3087,12.51,12,84.36,92.1,0.2187,269,0.6792,1
36,4752.23,0.6971,406,14396.49,0.91,3,2,20462.57,3,2.2,22.46,-0.1399,2.67,2,13.11,50.17,0.5515,46,0.2418,0
45,6963.06,0.0828,641,20541.5,0.0,1,0,51350.7,3,1.29,83.17,0.557,7.07,16,69.12,83.71,0.1174,268,0.5638,1
34,4796.13,0.8328,331,23595.72,2.11,2,0,15593.29,3,18.62,35.92,-0.2055,5.76,2,16.63,18.09,0.7556,59,0.3692,1
39,11358.1,0.0842,811,20812.78,18.38,2,0,23418.29,8,2.19,87.76,0.7276,9.94,15,65.11,48.72,0.0345,260,0.5891,1
43,9265.99,0.193,686,39341.74,1.0,2,0,144925.03,9,0.29,88.81,0.0089,9.02,14,72.32,89.69,0.2262,261,0.8366,1
41,5352.46,0.2461,717,34900.44,1.06,0,0,29375.24,4,2.61,98.66,0.2693,19.06,17,88.12,56.73,0.1924,249,0.5257,1
39,6073.77,0.0794,462,10723.01,5.24,0,1,19503.68,8,0.61,91.65,0.6175,11.34,15,56.15,79.41,0.1046,285,0.9117,1
28,1468.06,0.346,647,32081.13,19.28,3,0,51501.43,6,0.83,79.23,-0.0638,10.54,10,56.67,69.49,0.1303,259,0.9207,1
28,3845.27,0.05,803,14596.93,2.16,0,0,21177.46,8,3.7,95.38,0.3092,12.22,13,76.77,48.8,0.2385,252,0.6439,1
32,2187.45,0.6733,600,32101.91,0.41,1,1,58987.66,2,6.84,8.16,-0.5344,1.69,3,0.48,30.23,0.6,37,0.0624,0
33,8989.95,0.2114,676,20319.93,11.8,3,1,32945.06,4,2.75,103.04,-0.0023,4.35,13,61.7,67.57,0.1131,220,0.7068,1
40,14427.81,0.3616,582,31546.12,8.62,1,0,86855.32,4,0.13,93.49,0.2298,8.06,11,77.22,97.22,0.2334,279,0.753,1
32,7492.41,0.1488,768,28406.74,16.08,3,0,24607.33,5,5.37,96.39,0.4863,5.4,25,75.37,72.56,0.0344,237,0.4736,1
38,3118.39,0.6114,467,50764.48,0.31,4,0,21728.0,1,1.03,0.0,-0.3984,1.65,5,0.0,27.08,0.8038,59,0.0813,0
35,6175.44,0.3984,671,39582.31,15.8,0,0,54358.34,3,0.18,101.24,0.5031,2.79,10,57.81,88.68,0.1174,250,0.8661,1
35,7175.91,0.1054,750,25720.26,5.02,0,0,88371.83,8,0.95,94.54,0.6126,5.01,11,63.49,94.97,0.2456,262,0.8353,1
36,6804.34,0.1751,695,13619.58,10.94,0,0,18738.19,4,1.24,90.07,0.4516,18.79,10,79.91,52.67,0.0922,255,0.8517,1
42,2420.36,0.7218,452,17699.13,0.3,7,0,14136.96,1,40.86,5.47,-0.364,1.41,0,17.08,16.75,0.6717,61,0.4594,0
39,6660.44,0.3366,589,25251.87,26.4,0,0,56963.89,11,2.94,99.82,0.1541,24.7,6,72.25,74.5,0.0757,269,0.6165,1
41,6682.28,0.1957,713,21928.98,16.08,0,0,19478.52,7,0.75,61.17,0.146,6.65,10,100.0,86.98,0.0599,260,0.9716,1
30,3105.64,0.6683,412,47298.52,3.41,5,3,54918.65,1,14.46,14.0,-0.1536,2.67,3,26.3,33.4,0.7249,59,0.0747,0
46,2862.0,0.3177,656,24965.67,16.26,2,0,27780.37,8,0.59,93.92,0.0841,4.85,14,100.0,85.69,0.3674,286,0.982,1
46,6470.01,0.0769,581,48104.57,1.76,1,0,89238.18,13,0.15,60.07,0.1622,14.35,16,82.24,65.44,0.0834,272,0.8035,1
34,6300.4,0.094,766,14896.93,4.75,2,0,30358.82,7,0.78,102.12,0.3855,32.35,11,100.0,40.16,0.1596,224,0.8221,1
58,6192.08,0.2715,769,10272.16,6.14,1,0,17147.44,10,0.72,74.09,0.1349,8.2,11,64.23,68.13,0.2521,264,0.9117,1
42,6748.81,0.056,581,27626.2,5.91,2,0,17069.73,7,0.63,97.31,-0.1141,20.55,11,69.03,99.35,0.1442,260,0.8561,1
48,3524.25,0.05,624,13182.49,10.75,0,0,22090.34,9,1.39,80.67,0.2758,17.89,13,69.12,62.25,0.3181,250,0.71,1
51,1723.56,0.0871,797,43246.08,22.82,1,0,44572.03,2,7.48,74.55,0.1297,37.38,13,66.44,76.88,0.3446,248,0.3316,1
36,2318.09,0.7018,523,18352.55,1.89,4,1,17027.97,4,32.58,29.84,0.1338,2.77,3,43.67,51.97,0.5289,49,0.1355,0
60,5894.72,0.2461,649,18539.94,20.36,2,0,24654.43,9,2.82,89.19,0.0795,3.45,14,55.12,57.7,0.2012,291,0.5006,1
28,9020.3,0.176,708,16114.04,5.68,1,0,44355.5,10,0.14,107.14,-0.1499,11.53,9,55.09,84.74,0.3259,284,0.8637,1
26,1389.27,0.4008,371,23383.6,0.11,3,2,36128.32,1,5.78,6.04,0.1367,4.73,2,1.41,34.12,0.2577,56,0.3187,0
28,3404.58,0.4832,476,10483.43,2.92,7,3,11091.84,1,1.71,0.0,-0.8017,1.26,1,44.65,23.42,0.6487,42,0.1529,0
50,8550.91,0.1065,722,23925.32,4.74,3,0,34154.47,8,0.96,98.71,0.7532,20.39,8,64.81,72.64,0.3838,251,0.726,1
31,3017.13,0.5898,433,25686.05,0.4,1,0,23661.72,2,6.1,29.2,-0.4511,1.66,5,14.23,36.64,0.5833,56,0.3623,0
48,5464.25,0.2833,598,66245.42,20.8,1,0,298727.15,8,2.54,82.27,0.3194,6.28,14,57.58,81.67,0.1852,257,0.5437,1
20,3031.94,0.7546,383,18934.96,1.31,1,1,19513.8,1,5.8,0.0,-0.4454,0.51,0,5.16,21.74,0.7122,65,0.1392,0
48,17134.47,0.2498,666,38343.38,14.57,1,0,57664.79,12,2.4,95.79,0.0831,11.09,10,90.51,77.42,0.2083,273,0.7638,1
29,2842.65,0.4979,462,35410.97,0.37,3,0,25757.86,3,7.17,36.85,-0.031,4.43,2,7.73,27.05,0.6271,57,0.416,0
27,2639.93,0.5994,474,11231.04,1.12,1,1,9390.65,4,39.59,0.0,-0.6169,5.62,3,29.57,45.62,0.4415,62,0.2112,0
51,8293.48,0.2314,768,18698.21,3.52,0,0,28805.68,10,0.21,81.85,0.4947,35.69,15,74.08,93.83,0.1177,264,0.6835,1
40,5984.79,0.05,694,15847.44,3.02,0,0,15080.15,7,0.68,88.62,0.1683,15.92,19,81.73,61.39,0.5126,273,0.6777,1
23,937.7,0.6616,495,36755.06,2.29,6,1,14307.33,1,14.37,21.58,-0.0768,1.27,0,15.47,23.07,0.5874,46,0.1017,0
28,3101.99,0.8551,507,40513.11,0.81,6,1,77266.18,3,4.04,0.0,-0.4685,7.8,4,27.97,26.38,0.5389,50,0.0252,0
45,7038.38,0.1503,817,23428.97,2.48,1,0,46092.95,10,3.32,85.01,0.1469,17.25,11,72.19,56.51,0.1091,247,0.6078,1
34,2356.74,0.3504,600,23899.86,9.01,1,0,42953.24,5,1.47,53.75,0.1325,6.25,9,53.89,69.43,0.3337,247,0.804,1
63,4021.07,0.4273,688,23359.49,8.55,1,0,26573.33,11,1.47,59.27,-0.2821,9.08,18,86.13,86.73,0.2036,279,0.5175,1
44,7042.91,0.0759,748,39512.07,9.5,1,0,57297.69,6,0.97,99.4,0.5668,29.68,12,70.18,49.47,0.1598,308,0.6369,1
51,3100.88,0.05,708,19802.63,9.74,1,0,48725.08,5,1.07,79.54,0.4529,22.75,8,86.73,78.16,0.1878,261,0.8964,1
37,4995.65,0.089,594,14158.05,8.29,1,0,27244.4,10,2.3,102.59,0.6492,15.35,10,77.68,73.67,0.0534,248,0.8056,1
34,8536.15,0.05,850,10368.62,0.24,1,0,17037.41,10,0.14,97.27,0.7409,32.1,8,64.71,74.11,0.2235,275,0.5558,1
38,5454.64,0.2334,727,24674.65,11.82,1,0,54349.07,10,1.25,55.08,0.5016,25.16,13,93.7,89.29,0.1717,284,0.7464,1
46,4167.96,0.1004,731,20205.03,1.18,1,0,33409.87,2,0.74,95.09,0.3174,14.55,12,88.4,54.89,0.3181,258,0.6686,1
41,7236.46,0.05,746,23315.62,2.4,0,0,52461.12,7,0.25,88.63,0.1815,13.44,15,54.49,73.05,0.4033,281,0.8944,1
38,11673.54,0.1583,642,31266.35,6.75,0,0,78624.6,6,2.68,107.5,-0.0438,29.26,11,100.0,68.32,0.1471,241,0.6418,1
58,6040.14,0.105,757,27623.92,7.28,0,0,97243.65,4,1.18,118.96,0.9166,29.97,16,81.04,58.41,0.1887,287,0.9338,1
44,4831.85,0.2296,744,26544.06,4.32,0,0,56253.56,4,1.06,67.8,0.6278,13.19,9,47.47,85.68,0.129,254,0.7145,1
42,6991.85,0.1203,604,23200.16,8.86,0,0,66300.98,5,0.84,74.45,0.1908,16.42,9,62.2,85.39,0.2931,240,0.7311,1
32,6645.38,0.05,656,27906.32,1.64,3,0,34555.91,9,1.8,104.86,0.8553,25.03,13,94.17,49.57,0.0768,256,0.9278,1
41,10436.8,0.2998,602,10841.97,6.42,1,0,14525.97,4,1.15,58.85,0.6791,22.95,11,100.0,90.11,0.2601,267,0.5129,1
54,5270.02,0.3303,457,23952.93,1.16,1,0,36337.48,7,1.52,80.06,-0.0322,15.55,12,64.54,82.16,0.1209,266,0.4824,1
52,11341.78,0.2852,686,9547.3,9.03,0,0,12928.61,5,0.88,96.78,0.1304,19.89,14,68.29,100.0,0.1611,274,0.9472,1
37,6540.08,0.1126,624,31619.69,1.33,1,0,105449.58,11,0.94,101.59,0.4763,4.67,9,62.11,62.9,0.2865,246,0.7563,1
49,7224.98,0.1618,707,18804.5,6.44,3,0,35253.1,7,4.63,91.57,0.0536,9.03,10,81.83,76.0,0.0514,248,0.8832,1
60,12095.06,0.293,710,12268.72,14.5,1,0,22295.77,4,0.16,80.56,0.5952,20.73,8,100.0,83.05,0.1881,246,0.9015,1
25,1544.33,0.4601,499,47352.52,0.37,4,0,30888.35,2,38.21,9.0,-0.2356,3.3,3,18.73,32.5,0.4401,55,0.1557,0
50,10688.75,0.1053,771,14823.93,8.72,0,0,59662.16,7,0.59,104.78,0.2508,25.98,15,63.92,75.3,0.2583,263,0.443,1
49,7240.34,0.1324,660,19654.43,12.1,0,0,37778.98,11,0.26,79.76,0.7466,22.38,13,85.83,90.53,0.1801,256,0.6168,1
39,9006.17,0.3225,640,20068.89,1.87,1,0,39987.23,6,0.37,93.77,-0.0688,9.61,9,90.68,84.88,0.1196,247,0.4335,1
45,1895.38,0.1743,742,15469.54,40.0,0,0,9294.3,8,0.99,79.18,0.3443,10.71,10,55.46,84.5,0.4286,250,0.5636,1
42,4206.33,0.1991,633,90000.0,3.14,0,0,284415.02,14,1.86,58.39,0.5759,13.94,19,46.59,72.4,0.031,268,0.4149,1
42,10694.08,0.3776,693,30463.16,2.26,2,0,49624.32,7,0.52,102.76,-0.0667,17.47,8,72.82,88.59,0.1658,250,0.8003,1
53,4986.41,0.2718,664,10256.9,2.64,0,0,14941.8,8,0.59,88.99,0.9815,15.78,11,82.17,66.69,0.1492,254,0.9094,1
41,2770.72,0.3418,781,15039.67,6.07,1,0,40206.58,2,0.97,56.83,0.7572,13.98,4,45.77,64.71,0.0435,256,0.9501,1
35,9780.9,0.3119,616,17912.98,13.39,2,0,57747.48,5,0.4,40.74,0.2394,11.96,7,77.48,87.85,0.2937,263,0.6591,1
37,2998.13,0.1015,705,20081.66,14.35,0,0,10996.05,13,2.48,94.46,-0.3576,13.55,7,81.54,78.97,0.0421,231,0.8586,1
48,2393.27,0.0744,654,24621.07,13.64,1,0,84066.36,1,0.83,78.1,0.5333,19.48,12,78.6,68.99,0.2099,267,0.6491,1
39,10880.3,0.0863,729,35990.33,9.91,2,0,56531.75,7,0.35,64.71,0.2725,22.29,10,70.95,84.35,0.3071,264,0.6929,1
39,9267.07,0.2224,593,31981.99,11.63,2,0,31611.53,7,1.36,82.08,0.3536,10.48,9,87.58,59.77,0.0503,274,0.7225,1
45,8757.11,0.1069,610,16942.33,1.65,1,0,53679.5,8,1.33,78.39,0.5341,17.75,12,54.5,49.11,0.0582,258,0.7182,1
36,2380.81,0.5647,513,9132.51,0.97,2,2,14677.78,5,3.95,50.13,-0.4287,1.65,0,11.29,21.74,0.7941,52,0.4582,0
54,6113.84,0.2676,763,16950.94,9.43,0,0,31244.04,5,0.7,62.84,0.1423,12.27,9,65.09,83.98,0.3087,245,0.7674,1
52,8884.19,0.301,614,11183.88,7.68,0,0,25632.84,5,0.49,85.63,0.246,10.67,11,99.21,85.15,0.0621,257,0.8884,1
43,5271.76,0.1468,678,25356.53,7.06,3,0,35597.11,14,0.37,85.77,0.2604,10.7,11,80.44,65.53,0.0845,268,0.8362,1
42,7552.17,0.4248,723,20579.76,22.97,1,0,28678.05,6,0.62,79.43,0.7952,11.24,8,85.28,67.78,0.1374,276,0.963,1
41,1466.88,0.4723,461,13063.74,0.12,1,1,8730.65,1,3.41,0.0,-0.0629,2.54,4,20.22,12.16,0.7736,54,0.3367,0
56,6138.9,0.1521,586,25814.23,14.25,2,0,61042.59,9,1.64,96.84,0.4535,12.64,14,86.3,96.57,0.2877,246,0.7907,1
46,4038.26,0.0537,765,32047.33,9.41,2,0,51257.13,6,0.31,96.3,-0.0795,19.27,12,54.32,88.31,0.3111,227,0.8164,1
46,5124.73,0.1146,637,11443.01,4.97,1,0,13864.37,11,0.91,76.21,0.0155,10.11,6,38.72,82.59,0.4497,265,0.8437,1
34,2619.86,0.6012,392,10271.95,7.46,3,0,8106.32,2,6.21,6.99,-0.3739,4.47,1,30.1,49.57,0.596,61,0.3056,0
36,5180.78,0.2322,769,25503.69,1.75,0,0,45878.03,10,1.73,103.42,0.2483,9.49,18,79.86,69.02,0.0385,254,0.7341,1
42,2978.68,0.1526,782,8018.44,40.0,1,0,13888.79,2,0.35,47.65,0.5529,38.66,14,72.56,100.0,0.2514,246,0.6046,1
38,4387.89,0.2262,690,21083.02,8.08,2,0,52283.91,7,0.65,109.71,0.6008,3.92,14,52.21,37.15,0.2926,237,0.7513,1
40,10265.16,0.05,782,49069.67,3.19,2,0,174369.33,8,0.78,79.77,0.3942,13.55,10,80.11,75.72,0.2818,248,0.6381,1
42,3543.85,0.1918,850,15171.78,9.56,2,0,15828.53,5,0.67,88.01,0.8378,8.29,13,64.9,84.21,0.2562,241,0.7784,0
53,3638.0,0.5911,718,21064.24,4.34,1,0,50451.43,4,1.12,116.27,0.6321,7.71,16,71.38,38.38,0.7566,280,0.8563,1
44,3110.73,0.2189,684,14334.83,3.63,2,0,49893.34,6,2.69,56.57,0.3909,8.68,14,38.8,53.1,0.2921,274,0.825,1
66,7104.93,0.1254,848,18763.86,17.17,2,0,17208.81,10,2.22,71.25,0.059,13.17,12,74.28,83.46,0.1072,262,0.5785,1
52,2040.25,0.0614,694,30175.31,7.11,0,0,45009.82,10,1.52,60.32,0.2094,14.19,12,57.21,65.82,0.1659,289,0.7679,1
41,13769.53,0.2078,773,10516.11,0.93,1,0,37699.46,5,1.45,62.37,0.0244,16.37,7,97.38,65.91,0.0484,205,0.5617,1
30,6076.11,0.3995,623,9224.79,6.54,1,0,29529.35,5,1.44,43.23,0.2787,12.74,11,70.38,56.41,0.1735,236,0.5481,1
28,3917.31,0.1676,681,25710.1,6.12,1,0,22577.91,5,0.28,91.51,-0.0982,4.23,12,77.7,49.31,0.1756,262,0.6059,1
49,10401.8,0.2628,691,36230.31,10.21,0,1,38816.0,8,0.99,60.93,0.3108,14.77,17,65.58,63.92,0.1042,248,0.9207,1
24,1337.74,0.4954,506,26650.93,1.33,2,0,30259.44,1,0.74,4.92,-0.6075,10.98,2,0.0,0.0,0.4812,58,0.1572,0
52,15739.15,0.3347,717,20084.32,7.17,0,0,19443.95,6,1.33,120.86,0.3665,5.78,18,78.93,78.29,0.276,265,0.8689,1
41,7059.21,0.2338,705,28985.86,14.02,1,0,49740.73,9,0.96,87.54,0.0544,15.81,7,89.14,84.95,0.0281,251,0.7888,1
23,2699.59,0.8929,369,29563.31,1.37,0,1,29237.09,4,0.9,16.84,-0.3435,11.39,1,7.59,25.11,0.6365,61,0.3434,0
39,11500.25,0.2558,694,14968.17,6.54,3,0,24761.72,6,1.59,78.49,0.0141,35.79,10,77.52,69.83,0.1237,244,0.8271,1
63,5576.52,0.05,784,45875.57,9.99,0,1,104056.83,6,0.4,93.39,0.0422,6.35,12,87.75,100.0,0.126,280,0.9194,1
47,6925.29,0.0613,630,28962.87,3.22,0,0,73717.48,4,0.85,75.81,0.1277,18.36,13,84.02,90.99,0.2184,257,0.6859,1
18,1351.87,0.545,348,15763.68,4.26,1,0,26075.97,1,1.16,31.05,-0.2255,3.55,1,20.02,34.73,0.3789,58,0.0384,0
41,3612.01,0.1347,614,21252.02,7.22,0,0,11538.38,9,0.31,68.51,0.2277,11.96,15,63.72,77.9,0.2349,245,0.4274,1
40,3744.1,0.2023,559,32330.12,6.69,0,0,37522.5,13,1.02,86.87,-0.1597,19.83,13,64.04,89.39,0.373,250,0.4739,1
52,17740.81,0.05,639,21464.24,1.32,1,0,44158.05,12,1.78,95.16,0.0242,12.89,13,70.71,60.6,0.414,262,0.673,1
34,1617.52,0.5531,375,15695.7,7.16,3,2,23192.33,2,9.07,0.0,-0.3904,1.03,0,23.71,26.53,0.4251,54,0.0768,0
38,7120.83,0.2499,688,43515.85,1.37,0,0,107227.04,9,2.44,93.52,-0.1471,17.39,18,65.09,37.7,0.1058,266,0.8599,1
57,5822.3,0.0562,676,19278.13,15.31,2,0,54652.06,5,0.32,88.28,0.9039,42.96,10,58.49,100.0,0.5603,289,0.8948,1
19,859.49,0.8495,447,20692.88,0.34,3,0,40041.45,1,5.28,4.55,-0.3922,7.48,3,21.4,10.7,0.9133,54,0.1589,1
42,8811.34,0.2246,657,46912.24,11.38,0,0,173148.51,6,0.26,77.37,0.474,13.02,16,67.31,55.23,0.1452,262,0.2945,1
41,2426.5,0.0996,511,49384.49,3.4,1,0,52679.72,9,0.17,99.49,0.1459,12.2,14,75.25,83.66,0.1874,264,0.7474,1
31,10723.59,0.2037,660,31307.38,21.27,0,0,89779.89,5,4.31,78.97,0.019,18.47,12,98.16,77.7,0.2914,295,0.6952,1
37,7377.88,0.2811,684,7279.85,40.0,2,0,19810.53,13,0.56,75.61,0.2294,9.09,15,100.0,35.87,0.1347,251,0.6552,1
56,2665.37,0.3094,638,24361.63,5.73,1,0,37403.59,6,0.18,75.89,0.399,14.11,14,56.87,95.72,0.15,273,0.8869,1
48,7781.74,0.2731,641,14438.61,0.28,0,0,23721.17,5,1.08,122.22,0.0135,9.53,18,94.1,55.7,0.1674,288,0.6524,1
47,13728.65,0.1664,723,14372.04,3.39,1,0,38638.49,9,0.91,65.04,0.1673,18.83,9,70.2,85.61,0.2223,237,0.6384,1
50,3682.63,0.222,593,12062.24,3.69,1,0,44171.73,9,0.2,71.99,-0.0157,20.5,9,56.21,72.65,0.1566,263,0.7362,1
42,8748.98,0.05,657,42939.88,11.26,3,0,34498.6,6,4.33,96.42,0.2979,8.93,14,70.76,89.72,0.2452,238,0.8662,1
44,1556.72,0.3506,660,47524.86,32.71,0,0,85617.82,9,6.36,74.63,0.373,20.41,13,92.7,33.15,0.1449,276,0.4184,1
40,13194.68,0.05,698,47574.58,15.78,1,0,64264.49,7,0.4,71.33,0.5784,4.38,10,99.7,63.76,0.3567,254,0.7375,1
30,3336.6,0.578,453,15966.39,1.1,1,0,11102.16,1,23.58,8.47,-0.5557,2.73,1,5.35,24.05,0.3952,56,0.0323,0
49,9512.94,0.2978,660,31063.08,19.83,2,0,95613.58,7,0.38,97.31,0.3945,9.0,14,42.12,72.19,0.3914,250,0.9031,1
54,2306.15,0.1668,576,52789.51,28.49,1,0,210167.59,5,4.89,99.2,0.2448,5.98,17,38.62,96.79,0.1408,283,0.8358,1
57,5893.21,0.1401,652,18519.29,2.64,2,0,35747.9,7,0.24,81.4,0.0554,20.27,11,69.53,100.0,0.2014,239,0.8381,1
37,2714.78,0.5947,447,30682.28,0.49,4,0,14263.29,2,13.01,0.26,0.0592,1.94,0,28.75,22.03,0.5521,66,0.1192,0
55,4869.43,0.05,684,22142.28,39.99,1,0,22638.01,7,2.16,111.78,0.6019,10.83,11,89.52,64.54,0.0513,246,0.4455,1
33,1175.63,0.4846,427,28875.0,1.03,5,1,49880.73,2,0.89,38.09,-0.1564,0.81,2,31.16,14.27,0.3482,40,0.3127,0
45,2495.7,0.2035,624,17485.5,6.68,2,0,43841.79,8,0.16,96.14,-0.1962,20.31,11,55.74,69.38,0.1641,253,0.8434,1
34,1541.91,0.5725,500,25704.38,0.2,4,1,21670.01,3,15.37,40.83,-0.2107,3.13,2,28.33,7.86,0.4049,56,0.5686,0
47,3322.9,0.131,717,34967.65,1.42,3,0,108528.67,15,2.76,78.16,0.7997,15.64,16,41.33,54.92,0.1459,257,0.7686,1
49,4638.36,0.2881,641,11341.75,8.58,0,0,15215.89,6,0.19,70.94,0.1741,14.8,20,72.31,86.58,0.0894,242,0.8344,1
41,2483.23,0.4549,441,20330.24,0.88,7,0,24720.28,3,1.89,20.85,-0.066,3.81,0,36.32,6.99,0.7489,73,0.1355,1
38,18199.21,0.2318,699,11475.83,8.43,1,0,24986.51,7,1.45,94.92,0.4572,20.62,20,62.99,65.99,0.2271,266,0.8007,1
45,17976.15,0.1223,802,18914.59,2.38,1,0,94572.93,10,0.55,64.89,0.5006,22.08,22,91.06,73.52,0.2761,241,0.8514,1
39,7718.68,0.1774,784,30073.05,1.79,0,1,64324.09,8,0.79,90.21,0.47,22.42,11,48.84,58.23,0.0809,269,0.8125,1
55,6189.32,0.3634,555,17878.74,0.34,1,0,53944.38,9,5.78,24.25,0.222,5.25,13,66.46,87.41,0.2807,270,0.9939,1
60,1864.57,0.1294,831,25904.79,4.2,1,0,38245.72,4,1.59,71.4,0.2917,7.0,15,93.12,74.69,0.0865,253,0.6879,1
38,4236.44,0.05,801,13591.04,16.11,1,0,32177.74,4,1.45,111.64,0.1793,10.54,18,22.93,56.51,0.255,249,0.9016,1
34,2770.97,0.174,622,31377.27,3.77,1,0,40405.78,5,0.58,94.94,0.7077,2.78,14,47.96,100.0,0.3024,241,0.8282,1
37,4898.15,0.1486,628,77827.85,15.77,0,0,187115.07,5,0.29,107.48,0.2583,18.87,15,72.73,61.15,0.1877,250,0.7359,1
39,8157.85,0.1352,703,10661.46,1.27,1,0,9388.69,7,0.61,98.87,0.2833,11.47,8,79.9,72.02,0.433,261,0.7004,1
56,7398.96,0.2003,714,46194.61,4.19,0,0,54919.45,10,3.73,67.24,-0.2339,17.02,9,35.3,57.46,0.0884,261,0.7067,1
47,4429.33,0.607,813,35870.41,7.43,1,0,64608.54,5,0.63,76.34,-0.0467,4.11,15,66.86,50.15,0.068,262,0.6974,1
31,1642.89,0.5374,606,19430.19,2.31,2,0,24761.43,1,23.23,29.08,-0.2339,9.55,2,17.2,0.0,0.2915,49,0.0081,0
41,7060.83,0.05,706,16986.31,0.93,3,0,46114.15,7,1.66,67.92,0.3125,15.42,8,88.5,96.04,0.3318,255,0.5251,1
43,5052.27,0.1958,680,12690.54,21.31,0,1,38691.97,12,1.28,80.65,0.3267,24.24,18,82.07,55.44,0.0294,258,0.6566,1
39,2091.46,0.8231,488,16477.29,4.44,0,0,11257.02,3,9.86,20.63,0.1231,4.97,2,29.7,20.46,0.5129,63,0.1374,0
42,3367.06,0.1607,723,90000.0,1.98,0,0,190820.85,7,0.67,82.6,-0.1278,11.3,14,68.57,100.0,0.0384,257,0.8382,1
64,10678.84,0.2613,732,17648.23,6.21,1,0,14850.74,4,5.47,71.48,-0.0031,13.28,13,100.0,76.47,0.0927,239,0.7888,1
48,6097.98,0.1296,644,14789.81,20.83,2,0,35315.76,8,2.48,54.14,-0.024,11.31,13,52.86,86.89,0.1034,280,0.6906,1
50,9544.18,0.2037,713,35914.84,8.02,1,0,70209.93,5,0.39,39.58,-0.2087,7.03,16,97.93,83.93,0.1201,239,0.8502,0
38,1725.89,0.639,499,23582.68,1.91,4,1,14889.02,3,24.7,0.0,-0.0252,2.95,3,17.39,27.38,0.3356,55,0.2288,0
38,8954.9,0.7044,732,13240.36,21.5,1,0,12097.59,8,0.84,87.64,0.5544,15.86,6,57.59,62.22,0.4048,264,0.688,1
26,1189.27,0.4897,546,25582.05,1.48,3,2,23800.92,2,1.18,21.83,-0.537,1.72,2,10.25,5.54,0.7398,52,0.0897,0
30,3415.78,0.5669,489,14132.8,1.91,4,0,8294.03,3,0.65,30.34,-0.1581,3.14,1,26.11,17.22,0.2021,55,0.3786,0
43,3757.18,0.2198,644,17296.53,0.64,1,0,32014.65,5,1.28,61.14,0.4007,14.58,18,84.52,63.35,0.31,239,0.8178,1
50,3469.97,0.3345,648,18042.13,5.3,2,0,31990.85,9,0.19,82.19,0.0586,14.09,10,69.06,90.21,0.2109,262,0.9851,1
32,8453.7,0.2507,731,23113.88,29.49,3,0,94239.47,6,1.39,67.63,0.5342,42.35,13,84.27,62.34,0.2854,265,0.8507,1
42,1984.92,0.8674,431,54042.69,4.49,3,1,63930.7,1,45.0,0.0,-0.6879,3.09,1,21.54,0.0,0.3884,60,0.0836,1
56,2109.21,0.0696,589,14498.94,2.82,0,0,21799.33,4,0.76,90.61,-0.2022,24.32,7,58.82,84.11,0.1554,294,0.85,1
37,9426.37,0.2049,715,7475.74,39.0,0,1,16608.12,9,0.42,69.24,-0.1104,11.58,10,59.15,100.0,0.1862,251,0.6677,1
25,1532.75,0.7362,596,19796.86,0.73,2,0,16094.68,1,1.8,0.0,-0.766,1.78,2,29.26,42.91,0.5298,54,0.4894,0
22,1949.93,0.4456,409,20984.87,1.8,1,3,12679.54,1,1.22,37.02,-0.1224,3.11,1,13.79,57.92,0.4825,55,0.5667,1
28,1510.86,0.8589,337,10838.04,6.15,2,0,9584.59,2,10.23,9.93,-0.4411,2.1,3,40.84,12.25,0.7745,61,0.1918,0
48,4853.87,0.3583,685,18618.26,3.96,0,0,28709.19,10,2.76,74.57,0.6269,6.72,9,80.49,69.73,0.2182,251,0.5269,1
37,9250.42,0.0964,739,17722.49,17.1,1,1,26757.65,7,5.95,75.34,0.1822,9.92,7,63.11,91.43,0.0986,257,0.5836,1
60,8534.41,0.2031,668,35298.53,3.16,4,0,34104.37,8,1.5,94.38,0.2344,22.61,13,78.59,78.97,0.0551,225,0.7489,1
59,7469.3,0.3901,706,10937.71,27.35,1,0,42044.79,11,0.54,54.74,0.781,7.93,11,63.24,91.83,0.1332,255,0.8933,1
32,5363.13,0.3349,772,30367.83,0.33,3,0,58771.5,10,0.72,142.73,0.263,5.39,14,33.8,60.06,0.0242,263,0.676,1
55,10727.91,0.233,571,26324.06,0.78,2,0,47010.31,8,0.9,138.86,0.4601,24.98,13,56.28,82.89,0.2395,242,0.4863,1
29,2185.39,0.4136,422,10819.38,1.33,5,0,6585.74,2,38.47,11.85,-0.5414,2.5,0,43.48,3.35,0.8489,69,0.2691,0
34,1911.55,0.556,471,30840.7,2.83,7,1,19115.08,4,10.04,2.26,0.2022,2.53,4,22.67,38.19,0.371,49,0.3214,0
50,12656.06,0.5609,651,21500.69,22.4,2,0,37938.22,7,0.33,98.78,0.3197,13.96,14,48.73,83.34,0.2097,251,0.7198,1
32,1744.95,0.7555,478,16910.53,1.12,6,0,14242.79,3,12.98,0.0,-0.6748,1.22,3,34.47,19.29,0.6654,48,0.2876,0
38,3352.29,0.4433,718,33148.98,8.5,2,0,51350.94,7,0.36,93.16,0.2213,8.35,7,100.0,71.66,0.2167,283,0.5445,1
42,11622.03,0.0591,662,16759.59,2.35,1,0,18163.12,11,0.02,56.48,0.5408,5.68,22,53.41,76.38,0.1849,289,0.9812,1
32,1463.94,0.6778,431,24113.11,7.56,4,0,18302.6,1,13.76,39.81,-0.4141,2.61,2,2.09,13.51,0.5388,47,0.1822,0
52,4258.49,0.2355,599,35747.99,0.71,1,0,90540.57,8,1.66,72.95,0.2546,4.16,14,50.81,79.86,0.3372,258,0.7661,1
25,1691.35,0.7385,549,19643.35,1.18,3,2,17027.0,1,19.01,27.79,-0.089,2.33,3,5.05,19.35,0.6353,59,0.087,1
49,5822.79,0.1375,616,20951.93,3.37,3,0,34883.31,8,0.2,48.83,0.1296,11.04,26,57.3,70.3,0.2575,254,0.9158,1
37,18046.29,0.2087,594,16716.16,5.22,1,0,47687.05,3,1.96,75.19,0.2363,19.98,16,69.01,93.19,0.0409,233,0.7166,1
52,6225.27,0.3839,778,21541.07,17.86,0,0,39532.5,8,0.92,56.74,0.3934,27.33,14,70.41,64.96,0.122,249,0.8465,1
42,3444.96,0.2781,648,31066.39,15.09,3,0,57363.35,6,1.03,96.61,0.2819,18.73,3,85.0,67.35,0.2058,290,0.9467,1
43,7148.18,0.2883,733,28397.14,7.97,1,0,80089.25,6,0.01,49.17,0.0033,17.39,9,56.56,96.94,0.2389,239,0.7685,1
38,9355.23,0.206,688,40552.7,0.28,0,0,73055.57,7,0.65,97.47,0.0903,7.14,14,64.23,74.95,0.1914,275,0.7766,1
59,3898.2,0.1522,684,12793.36,5.9,0,0,35798.56,5,1.91,91.7,0.0829,19.06,9,85.01,50.67,0.3417,269,0.6217,1
40,2311.7,0.4007,548,44786.02,3.86,5,2,58977.59,4,14.51,22.43,-0.2343,4.31,3,5.9,21.9,0.4303,45,0.3878,1
56,4688.65,0.1216,646,37212.4,15.56,0,0,115145.26,7,0.05,68.84,0.6485,7.01,10,82.37,69.95,0.1407,245,0.7685,1
34,11378.94,0.2446,691,27982.67,1.6,0,0,32587.3,6,0.75,119.43,0.3757,4.98,12,87.32,88.3,0.2398,254,0.2464,1
38,1033.1,0.3733,423,16762.14,1.7,3,3,9762.38,2,43.28,26.3,-0.336,5.23,1,31.78,13.1,0.5377,53,0.4285,0
27,3115.08,0.3177,469,12599.6,2.93,6,3,11270.01,1,10.54,21.52,-0.9541,3.09,4,30.14,0.0,0.534,60,0.1655,1
57,12958.52,0.094,693,25187.01,29.84,1,0,46363.05,7,0.35,78.17,0.6651,14.1,13,46.53,75.03,0.3457,281,0.8469,1
33,3567.55,0.5956,486,30459.1,0.41,0,1,43773.8,1,2.87,20.81,-0.3792,1.91,1,0.0,73.81,0.6758,57,0.0823,0
18,1561.72,0.9008,516,13550.69,6.44,2,1,30735.39,4,1.86,51.25,-0.6176,7.24,3,19.79,44.68,0.4713,53,0.2043,0
38,4007.43,0.1805,670,23523.99,25.24,2,0,26807.57,8,0.79,28.23,0.8593,19.93,14,82.8,50.69,0.2442,275,0.8881,1
53,15398.12,0.2064,629,11659.55,4.74,0,0,14616.55,6,4.59,111.75,0.2709,13.77,14,70.41,63.21,0.165,249,0.5568,1
55,5820.89,0.2422,657,17993.08,23.71,1,0,53719.32,8,2.26,89.58,0.7994,10.27,10,72.52,88.27,0.2474,269,0.9184,1
48,7742.77,0.5295,739,58749.28,4.22,0,0,162585.16,5,0.27,77.38,0.435,12.74,11,30.81,46.01,0.2391,264,0.714,1
44,7740.0,0.2642,730,18344.95,2.18,1,0,69189.07,17,0.83,88.64,0.2486,23.49,13,100.0,66.62,0.0762,239,0.8881,1
43,6401.1,0.0888,682,18759.59,21.13,0,0,63888.9,6,0.98,58.1,0.2615,15.83,13,55.7,79.73,0.0893,260,0.9388,1
46,4738.33,0.7009,549,11309.42,17.12,0,0,21431.19,8,2.25,112.78,-0.0574,36.95,16,72.89,99.54,0.152,260,0.7625,1
50,6015.06,0.5666,815,32592.26,6.62,1,0,52801.6,4,5.46,123.96,0.3944,9.0,13,82.39,100.0,0.2451,278,0.894,1
35,3700.53,0.4488,551,6029.86,0.31,1,0,8044.3,1,14.65,22.67,-0.3865,3.09,4,35.69,30.92,0.7139,59,0.131,0
18,8570.62,0.147,644,30471.49,11.45,3,0,64364.0,7,1.39,85.79,0.3074,3.76,14,57.06,80.64,0.0946,259,0.8627,1
36,1476.18,0.5035,398,36645.18,1.14,4,2,48263.7,1,3.69,30.09,0.5541,2.52,2,29.82,24.89,0.3081,54,0.159,1
43,10664.81,0.1122,688,20712.97,5.1,3,0,26341.88,9,0.91,99.07,0.2236,15.59,12,86.04,68.4,0.2162,250,0.9313,1
42,7341.67,0.05,586,34013.6,2.97,3,0,20824.87,5,1.17,86.72,0.2404,31.64,18,46.8,58.41,0.0917,287,0.8799,1
37,8773.72,0.3363,673,25989.08,0.77,1,0,22088.09,11,3.2,95.49,0.41,14.82,8,87.7,67.5,0.1768,243,0.869,1
55,5557.92,0.3016,648,13756.04,3.43,1,0,16122.76,6,2.13,88.76,0.2598,6.91,24,54.38,66.56,0.1277,282,0.6083,1
42,3722.61,0.2272,716,19645.58,2.05,0,0,18590.66,13,1.38,56.11,0.2506,11.81,17,61.33,75.04,0.0529,268,0.3162,1
42,3811.63,0.2444,815,21941.73,16.41,0,0,73193.75,6,0.48,60.15,-0.112,17.74,17,79.75,73.48,0.0727,242,0.9766,1
35,4545.77,0.05,721,24847.73,7.08,0,0,54355.07,10,1.33,94.71,-0.0219,10.48,7,64.31,92.65,0.1131,301,0.8039,1
51,10797.76,0.05,699,19415.43,16.8,0,0,53974.0,8,0.8,61.96,0.2744,6.77,7,63.6,84.21,0.4197,279,0.7824,1
29,1996.01,0.7637,423,29088.99,2.21,2,0,41047.67,1,0.31,17.98,-0.2794,0.9,2,25.57,41.96,0.6063,55,0.2825,0
43,4662.6,0.2194,522,14324.66,2.18,0,0,34637.8,6,0.5,46.81,0.2409,28.58,13,80.27,94.59,0.3483,259,0.9804,1
55,4640.62,0.0856,633,17132.06,0.49,0,0,16301.46,5,2.79,76.83,0.6207,14.5,16,63.37,51.92,0.1235,265,0.9122,1
50,4007.76,0.6467,739,15401.86,24.65,4,0,9510.09,7,0.16,70.18,0.8832,24.9,16,41.56,68.95,0.1973,243,0.6065,1
37,8698.49,0.2642,602,23853.75,0.66,1,1,21663.75,7,1.12,77.78,-0.2793,39.22,8,47.91,98.23,0.0657,254,0.9179,1
34,4901.17,0.3794,679,26213.97,10.47,2,0,31335.78,6,0.14,83.42,0.1813,30.4,13,67.95,80.29,0.1519,243,0.7542,1
37,2835.76,0.2339,633,28375.1,7.54,1,0,57405.58,9,0.3,75.75,-0.0284,12.13,10,54.6,63.12,0.1522,274,0.655,1
40,6579.65,0.277,686,13051.92,1.06,0,0,39114.08,9,4.74,99.54,0.2249,25.58,10,68.81,73.79,0.1427,269,0.7946,1
24,1461.55,0.4101,518,28155.2,3.81,3,1,12926.48,1,44.36,14.44,0.0944,5.84,1,0.0,18.9,0.7581,42,0.2513,0
36,5882.24,0.1083,781,10758.81,17.3,1,0,11074.86,10,1.19,103.87,-0.3472,40.43,14,82.9,91.56,0.3709,248,0.8278,1
